1,Srikara Hospital Blood Centre,"222 & 223, Mythri Nagar, Miyapur, Hyderabad - 500049 (Near Maruthi Showroom)
",Miyapur,A+,34,9957864315
1,Srikara Hospital Blood Centre,"222 & 223, Mythri Nagar, Miyapur, Hyderabad - 500049 (Near Maruthi Showroom)
",Miyapur,A-,21,9957864315
1,Srikara Hospital Blood Centre,"222 & 223, Mythri Nagar, Miyapur, Hyderabad - 500049 (Near Maruthi Showroom)
",Miyapur,B+,13,9957864315
1,Srikara Hospital Blood Centre,"222 & 223, Mythri Nagar, Miyapur, Hyderabad - 500049 (Near Maruthi Showroom)
",Miyapur,B-,31,9957864315
1,Srikara Hospital Blood Centre,"222 & 223, Mythri Nagar, Miyapur, Hyderabad - 500049 (Near Maruthi Showroom)
",Miyapur,O+,30,9957864315
1,Srikara Hospital Blood Centre,"222 & 223, Mythri Nagar, Miyapur, Hyderabad - 500049 (Near Maruthi Showroom)
",Miyapur,O-,27,9957864315
1,Srikara Hospital Blood Centre,"222 & 223, Mythri Nagar, Miyapur, Hyderabad - 500049 (Near Maruthi Showroom)
",Miyapur,AB+,27,9957864315
1,Srikara Hospital Blood Centre,"222 & 223, Mythri Nagar, Miyapur, Hyderabad - 500049 (Near Maruthi Showroom)
",Miyapur,AB-,14,9957864315
2,Mother Teresa Blood Bank,"Plot No 14, 15/P, 19/P, 2, 4th Floor, Madinaguda Main Road, Miyapur, Hyderabad - 500049 (Above FMS Dental Hospital, Vijetha Super Market)
",Miyapur,A+,10,8987321907
2,Mother Teresa Blood Bank,"Plot No 14, 15/P, 19/P, 2, 4th Floor, Madinaguda Main Road, Miyapur, Hyderabad - 500049 (Above FMS Dental Hospital, Vijetha Super Market)
",Miyapur,A-,32,8987321907
2,Mother Teresa Blood Bank,"Plot No 14, 15/P, 19/P, 2, 4th Floor, Madinaguda Main Road, Miyapur, Hyderabad - 500049 (Above FMS Dental Hospital, Vijetha Super Market)
",Miyapur,B+,36,8987321907
2,Mother Teresa Blood Bank,"Plot No 14, 15/P, 19/P, 2, 4th Floor, Madinaguda Main Road, Miyapur, Hyderabad - 500049 (Above FMS Dental Hospital, Vijetha Super Market)
",Miyapur,B-,32,8987321907
2,Mother Teresa Blood Bank,"Plot No 14, 15/P, 19/P, 2, 4th Floor, Madinaguda Main Road, Miyapur, Hyderabad - 500049 (Above FMS Dental Hospital, Vijetha Super Market)
",Miyapur,O+,27,8987321907
2,Mother Teresa Blood Bank,"Plot No 14, 15/P, 19/P, 2, 4th Floor, Madinaguda Main Road, Miyapur, Hyderabad - 500049 (Above FMS Dental Hospital, Vijetha Super Market)
",Miyapur,O-,18,8987321907
2,Mother Teresa Blood Bank,"Plot No 14, 15/P, 19/P, 2, 4th Floor, Madinaguda Main Road, Miyapur, Hyderabad - 500049 (Above FMS Dental Hospital, Vijetha Super Market)
",Miyapur,AB+,13,8987321907
2,Mother Teresa Blood Bank,"Plot No 14, 15/P, 19/P, 2, 4th Floor, Madinaguda Main Road, Miyapur, Hyderabad - 500049 (Above FMS Dental Hospital, Vijetha Super Market)
",Miyapur,AB-,11,8987321907
3,Ask4blood.com,"Miyapur, Hyderabad - 500049
",Miyapur,A+,37,8472982374
3,Ask4blood.com,"Miyapur, Hyderabad - 500049
",Miyapur,A-,8,8472982374
3,Ask4blood.com,"Miyapur, Hyderabad - 500049
",Miyapur,B+,38,8472982374
3,Ask4blood.com,"Miyapur, Hyderabad - 500049
",Miyapur,B-,27,8472982374
3,Ask4blood.com,"Miyapur, Hyderabad - 500049
",Miyapur,O+,27,8472982374
3,Ask4blood.com,"Miyapur, Hyderabad - 500049
",Miyapur,O-,17,8472982374
3,Ask4blood.com,"Miyapur, Hyderabad - 500049
",Miyapur,AB+,20,8472982374
3,Ask4blood.com,"Miyapur, Hyderabad - 500049
",Miyapur,AB-,34,8472982374
4,Life Voluntary Blood Bank,"MIG 540, Esta Womens Cinic Buliding 1st Floor, Road No 1, Kukatpally, Hyderabad - 500072 (Near By Opposite Ghmc Park Oppsite Esta Womens Clinic Buliding)
",Kukatpally,A+,33,9647382647
4,Life Voluntary Blood Bank,"MIG 540, Esta Womens Cinic Buliding 1st Floor, Road No 1, Kukatpally, Hyderabad - 500072 (Near By Opposite Ghmc Park Oppsite Esta Womens Clinic Buliding)
",Kukatpally,A-,19,9647382647
4,Life Voluntary Blood Bank,"MIG 540, Esta Womens Cinic Buliding 1st Floor, Road No 1, Kukatpally, Hyderabad - 500072 (Near By Opposite Ghmc Park Oppsite Esta Womens Clinic Buliding)
",Kukatpally,B+,18,9647382647
4,Life Voluntary Blood Bank,"MIG 540, Esta Womens Cinic Buliding 1st Floor, Road No 1, Kukatpally, Hyderabad - 500072 (Near By Opposite Ghmc Park Oppsite Esta Womens Clinic Buliding)
",Kukatpally,B-,39,9647382647
4,Life Voluntary Blood Bank,"MIG 540, Esta Womens Cinic Buliding 1st Floor, Road No 1, Kukatpally, Hyderabad - 500072 (Near By Opposite Ghmc Park Oppsite Esta Womens Clinic Buliding)
",Kukatpally,O+,39,9647382647
4,Life Voluntary Blood Bank,"MIG 540, Esta Womens Cinic Buliding 1st Floor, Road No 1, Kukatpally, Hyderabad - 500072 (Near By Opposite Ghmc Park Oppsite Esta Womens Clinic Buliding)
",Kukatpally,O-,29,9647382647
4,Life Voluntary Blood Bank,"MIG 540, Esta Womens Cinic Buliding 1st Floor, Road No 1, Kukatpally, Hyderabad - 500072 (Near By Opposite Ghmc Park Oppsite Esta Womens Clinic Buliding)
",Kukatpally,AB+,37,9647382647
4,Life Voluntary Blood Bank,"MIG 540, Esta Womens Cinic Buliding 1st Floor, Road No 1, Kukatpally, Hyderabad - 500072 (Near By Opposite Ghmc Park Oppsite Esta Womens Clinic Buliding)
",Kukatpally,AB-,13,9647382647
5,Dr. Ronald Ross Blood Bank,"Plot No 36, 3rd Floor, Sai Plaza, Kukatpally, Hyderabad - 500072 (Near Dharma Reddy Colony,Kphb Phase I Er Nager)
",Kukatpally,A+,16,9876567564
5,Dr. Ronald Ross Blood Bank,"Plot No 36, 3rd Floor, Sai Plaza, Kukatpally, Hyderabad - 500072 (Near Dharma Reddy Colony,Kphb Phase I Er Nager)
",Kukatpally,A-,23,9876567564
5,Dr. Ronald Ross Blood Bank,"Plot No 36, 3rd Floor, Sai Plaza, Kukatpally, Hyderabad - 500072 (Near Dharma Reddy Colony,Kphb Phase I Er Nager)
",Kukatpally,B+,19,9876567564
5,Dr. Ronald Ross Blood Bank,"Plot No 36, 3rd Floor, Sai Plaza, Kukatpally, Hyderabad - 500072 (Near Dharma Reddy Colony,Kphb Phase I Er Nager)
",Kukatpally,B-,13,9876567564
5,Dr. Ronald Ross Blood Bank,"Plot No 36, 3rd Floor, Sai Plaza, Kukatpally, Hyderabad - 500072 (Near Dharma Reddy Colony,Kphb Phase I Er Nager)
",Kukatpally,O+,34,9876567564
5,Dr. Ronald Ross Blood Bank,"Plot No 36, 3rd Floor, Sai Plaza, Kukatpally, Hyderabad - 500072 (Near Dharma Reddy Colony,Kphb Phase I Er Nager)
",Kukatpally,O-,20,9876567564
5,Dr. Ronald Ross Blood Bank,"Plot No 36, 3rd Floor, Sai Plaza, Kukatpally, Hyderabad - 500072 (Near Dharma Reddy Colony,Kphb Phase I Er Nager)
",Kukatpally,AB+,36,9876567564
5,Dr. Ronald Ross Blood Bank,"Plot No 36, 3rd Floor, Sai Plaza, Kukatpally, Hyderabad - 500072 (Near Dharma Reddy Colony,Kphb Phase I Er Nager)
",Kukatpally,AB-,16,9876567564
6,Prathima Sai Blood Bank,"Flat No 108, Venkateswara Plaza, KPHB Colony, Kukatpally, Hyderabad - 500072
",Kukatpally,A+,34,9786756453
6,Prathima Sai Blood Bank,"Flat No 108, Venkateswara Plaza, KPHB Colony, Kukatpally, Hyderabad - 500072
",Kukatpally,A-,36,9786756453
6,Prathima Sai Blood Bank,"Flat No 108, Venkateswara Plaza, KPHB Colony, Kukatpally, Hyderabad - 500072
",Kukatpally,B+,20,9786756453
6,Prathima Sai Blood Bank,"Flat No 108, Venkateswara Plaza, KPHB Colony, Kukatpally, Hyderabad - 500072
",Kukatpally,B-,18,9786756453
6,Prathima Sai Blood Bank,"Flat No 108, Venkateswara Plaza, KPHB Colony, Kukatpally, Hyderabad - 500072
",Kukatpally,O+,34,9786756453
6,Prathima Sai Blood Bank,"Flat No 108, Venkateswara Plaza, KPHB Colony, Kukatpally, Hyderabad - 500072
",Kukatpally,O-,17,9786756453
6,Prathima Sai Blood Bank,"Flat No 108, Venkateswara Plaza, KPHB Colony, Kukatpally, Hyderabad - 500072
",Kukatpally,AB+,14,9786756453
6,Prathima Sai Blood Bank,"Flat No 108, Venkateswara Plaza, KPHB Colony, Kukatpally, Hyderabad - 500072
",Kukatpally,AB-,16,9786756453
7,Sri Anjaniputhra Blood Centre,"H No 5535/154/B 1st Floor, Sri Anjaniputhra Blood Center, Prashanti Nagar, Ida, Kukatpally, Hyderabad - 500072
",Kukatpally,A+,16,9878665564
7,Sri Anjaniputhra Blood Centre,"H No 5535/154/B 1st Floor, Sri Anjaniputhra Blood Center, Prashanti Nagar, Ida, Kukatpally, Hyderabad - 500072
",Kukatpally,A-,16,9878665564
7,Sri Anjaniputhra Blood Centre,"H No 5535/154/B 1st Floor, Sri Anjaniputhra Blood Center, Prashanti Nagar, Ida, Kukatpally, Hyderabad - 500072
",Kukatpally,B+,34,9878665564
7,Sri Anjaniputhra Blood Centre,"H No 5535/154/B 1st Floor, Sri Anjaniputhra Blood Center, Prashanti Nagar, Ida, Kukatpally, Hyderabad - 500072
",Kukatpally,B-,25,9878665564
7,Sri Anjaniputhra Blood Centre,"H No 5535/154/B 1st Floor, Sri Anjaniputhra Blood Center, Prashanti Nagar, Ida, Kukatpally, Hyderabad - 500072
",Kukatpally,O+,28,9878665564
7,Sri Anjaniputhra Blood Centre,"H No 5535/154/B 1st Floor, Sri Anjaniputhra Blood Center, Prashanti Nagar, Ida, Kukatpally, Hyderabad - 500072
",Kukatpally,O-,27,9878665564
7,Sri Anjaniputhra Blood Centre,"H No 5535/154/B 1st Floor, Sri Anjaniputhra Blood Center, Prashanti Nagar, Ida, Kukatpally, Hyderabad - 500072
",Kukatpally,AB+,21,9878665564
7,Sri Anjaniputhra Blood Centre,"H No 5535/154/B 1st Floor, Sri Anjaniputhra Blood Center, Prashanti Nagar, Ida, Kukatpally, Hyderabad - 500072
",Kukatpally,AB-,14,9878665564
8,Aayush Blood Bank,"Obul Reddy Complex, Vivekananda Nagar-kukatpally, Hyderabad - 500072 (Opposite Corporation Bank)
",Kukatpally,A+,35,9878667789
8,Aayush Blood Bank,"Obul Reddy Complex, Vivekananda Nagar-kukatpally, Hyderabad - 500072 (Opposite Corporation Bank)
",Kukatpally,A-,25,9878667789
8,Aayush Blood Bank,"Obul Reddy Complex, Vivekananda Nagar-kukatpally, Hyderabad - 500072 (Opposite Corporation Bank)
",Kukatpally,B+,12,9878667789
8,Aayush Blood Bank,"Obul Reddy Complex, Vivekananda Nagar-kukatpally, Hyderabad - 500072 (Opposite Corporation Bank)
",Kukatpally,B-,23,9878667789
8,Aayush Blood Bank,"Obul Reddy Complex, Vivekananda Nagar-kukatpally, Hyderabad - 500072 (Opposite Corporation Bank)
",Kukatpally,O+,12,9878667789
8,Aayush Blood Bank,"Obul Reddy Complex, Vivekananda Nagar-kukatpally, Hyderabad - 500072 (Opposite Corporation Bank)
",Kukatpally,O-,22,9878667789
8,Aayush Blood Bank,"Obul Reddy Complex, Vivekananda Nagar-kukatpally, Hyderabad - 500072 (Opposite Corporation Bank)
",Kukatpally,AB+,38,9878667789
8,Aayush Blood Bank,"Obul Reddy Complex, Vivekananda Nagar-kukatpally, Hyderabad - 500072 (Opposite Corporation Bank)
",Kukatpally,AB-,25,9878667789
9,Sunshine Blood Bank Gachibowli,"5 Th Floor, Raidurg, Gachibowli, Hyderabad, Gachibowli, Hyderabad - 500032 (Near Dargah Road)
",Gachibowli,A+,20,8977678799
9,Sunshine Blood Bank Gachibowli,"5 Th Floor, Raidurg, Gachibowli, Hyderabad, Gachibowli, Hyderabad - 500032 (Near Dargah Road)
",Gachibowli,A-,24,8977678799
9,Sunshine Blood Bank Gachibowli,"5 Th Floor, Raidurg, Gachibowli, Hyderabad, Gachibowli, Hyderabad - 500032 (Near Dargah Road)
",Gachibowli,B+,26,8977678799
9,Sunshine Blood Bank Gachibowli,"5 Th Floor, Raidurg, Gachibowli, Hyderabad, Gachibowli, Hyderabad - 500032 (Near Dargah Road)
",Gachibowli,B-,38,8977678799
9,Sunshine Blood Bank Gachibowli,"5 Th Floor, Raidurg, Gachibowli, Hyderabad, Gachibowli, Hyderabad - 500032 (Near Dargah Road)
",Gachibowli,O+,15,8977678799
9,Sunshine Blood Bank Gachibowli,"5 Th Floor, Raidurg, Gachibowli, Hyderabad, Gachibowli, Hyderabad - 500032 (Near Dargah Road)
",Gachibowli,O-,37,8977678799
9,Sunshine Blood Bank Gachibowli,"5 Th Floor, Raidurg, Gachibowli, Hyderabad, Gachibowli, Hyderabad - 500032 (Near Dargah Road)
",Gachibowli,AB+,8,8977678799
9,Sunshine Blood Bank Gachibowli,"5 Th Floor, Raidurg, Gachibowli, Hyderabad, Gachibowli, Hyderabad - 500032 (Near Dargah Road)
",Gachibowli,AB-,23,8977678799
10,Continental Blood Bank,"C/O, Contiinental Hospital, Plot No 3, Road No 2, Gachibowli, Hyderabad - 500032 (Call N Confirm Details With Mr Nagraj N (Receptionist), More Details Confirmed From Website N Creat)

",Gachibowli,A+,28,8999789873
10,Continental Blood Bank,"C/O, Contiinental Hospital, Plot No 3, Road No 2, Gachibowli, Hyderabad - 500032 (Call N Confirm Details With Mr Nagraj N (Receptionist), More Details Confirmed From Website N Creat)

",Gachibowli,A-,28,8999789873
10,Continental Blood Bank,"C/O, Contiinental Hospital, Plot No 3, Road No 2, Gachibowli, Hyderabad - 500032 (Call N Confirm Details With Mr Nagraj N (Receptionist), More Details Confirmed From Website N Creat)

",Gachibowli,B+,11,8999789873
10,Continental Blood Bank,"C/O, Contiinental Hospital, Plot No 3, Road No 2, Gachibowli, Hyderabad - 500032 (Call N Confirm Details With Mr Nagraj N (Receptionist), More Details Confirmed From Website N Creat)

",Gachibowli,B-,27,8999789873
10,Continental Blood Bank,"C/O, Contiinental Hospital, Plot No 3, Road No 2, Gachibowli, Hyderabad - 500032 (Call N Confirm Details With Mr Nagraj N (Receptionist), More Details Confirmed From Website N Creat)

",Gachibowli,O+,12,8999789873
10,Continental Blood Bank,"C/O, Contiinental Hospital, Plot No 3, Road No 2, Gachibowli, Hyderabad - 500032 (Call N Confirm Details With Mr Nagraj N (Receptionist), More Details Confirmed From Website N Creat)

",Gachibowli,O-,17,8999789873
10,Continental Blood Bank,"C/O, Contiinental Hospital, Plot No 3, Road No 2, Gachibowli, Hyderabad - 500032 (Call N Confirm Details With Mr Nagraj N (Receptionist), More Details Confirmed From Website N Creat)

",Gachibowli,AB+,20,8999789873
10,Continental Blood Bank,"C/O, Contiinental Hospital, Plot No 3, Road No 2, Gachibowli, Hyderabad - 500032 (Call N Confirm Details With Mr Nagraj N (Receptionist), More Details Confirmed From Website N Creat)

",Gachibowli,AB-,40,8999789873
11,Himagiri Blood Bank,"Plot No 4, 5, 23 & 24 /, Gachibowli, Hyderabad - 500032 (Gachibowli Stadium Main Road)
",Gachibowli,A+,26,9778854323
11,Himagiri Blood Bank,"Plot No 4, 5, 23 & 24 /, Gachibowli, Hyderabad - 500032 (Gachibowli Stadium Main Road)
",Gachibowli,A-,33,9778854323
11,Himagiri Blood Bank,"Plot No 4, 5, 23 & 24 /, Gachibowli, Hyderabad - 500032 (Gachibowli Stadium Main Road)
",Gachibowli,B+,18,9778854323
11,Himagiri Blood Bank,"Plot No 4, 5, 23 & 24 /, Gachibowli, Hyderabad - 500032 (Gachibowli Stadium Main Road)
",Gachibowli,B-,9,9778854323
11,Himagiri Blood Bank,"Plot No 4, 5, 23 & 24 /, Gachibowli, Hyderabad - 500032 (Gachibowli Stadium Main Road)
",Gachibowli,O+,28,9778854323
11,Himagiri Blood Bank,"Plot No 4, 5, 23 & 24 /, Gachibowli, Hyderabad - 500032 (Gachibowli Stadium Main Road)
",Gachibowli,O-,11,9778854323
11,Himagiri Blood Bank,"Plot No 4, 5, 23 & 24 /, Gachibowli, Hyderabad - 500032 (Gachibowli Stadium Main Road)
",Gachibowli,AB+,8,9778854323
11,Himagiri Blood Bank,"Plot No 4, 5, 23 & 24 /, Gachibowli, Hyderabad - 500032 (Gachibowli Stadium Main Road)
",Gachibowli,AB-,29,9778854323
12,Ntr Memorial Trust Blood Bank,"House No 8-2-120/2, NTR Bhawan, Road No 2, Banjara Hills, Hyderabad - 500034 (Behind TDP Party Office)
",Banjara Hills,A+,16,7889656432
12,Ntr Memorial Trust Blood Bank,"House No 8-2-120/2, NTR Bhawan, Road No 2, Banjara Hills, Hyderabad - 500034 (Behind TDP Party Office)
",Banjara Hills,A-,28,7889656432
12,Ntr Memorial Trust Blood Bank,"House No 8-2-120/2, NTR Bhawan, Road No 2, Banjara Hills, Hyderabad - 500034 (Behind TDP Party Office)
",Banjara Hills,B+,37,7889656432
12,Ntr Memorial Trust Blood Bank,"House No 8-2-120/2, NTR Bhawan, Road No 2, Banjara Hills, Hyderabad - 500034 (Behind TDP Party Office)
",Banjara Hills,B-,11,7889656432
12,Ntr Memorial Trust Blood Bank,"House No 8-2-120/2, NTR Bhawan, Road No 2, Banjara Hills, Hyderabad - 500034 (Behind TDP Party Office)
",Banjara Hills,O+,13,7889656432
12,Ntr Memorial Trust Blood Bank,"House No 8-2-120/2, NTR Bhawan, Road No 2, Banjara Hills, Hyderabad - 500034 (Behind TDP Party Office)
",Banjara Hills,O-,26,7889656432
12,Ntr Memorial Trust Blood Bank,"House No 8-2-120/2, NTR Bhawan, Road No 2, Banjara Hills, Hyderabad - 500034 (Behind TDP Party Office)
",Banjara Hills,AB+,40,7889656432
12,Ntr Memorial Trust Blood Bank,"House No 8-2-120/2, NTR Bhawan, Road No 2, Banjara Hills, Hyderabad - 500034 (Behind TDP Party Office)
",Banjara Hills,AB-,18,7889656432
13,Aarohi Blood Bank,"Door No 6-3-182/1 to 3, 4th Floor, Lake View Palace, Road No 1, Banjara Hills, Hyderabad - 500034 (Opposite Taj Banjara)
",Banjara Hills,A+,31,8976764578
13,Aarohi Blood Bank,"Door No 6-3-182/1 to 3, 4th Floor, Lake View Palace, Road No 1, Banjara Hills, Hyderabad - 500034 (Opposite Taj Banjara)
",Banjara Hills,A-,27,8976764578
13,Aarohi Blood Bank,"Door No 6-3-182/1 to 3, 4th Floor, Lake View Palace, Road No 1, Banjara Hills, Hyderabad - 500034 (Opposite Taj Banjara)
",Banjara Hills,B+,37,8976764578
13,Aarohi Blood Bank,"Door No 6-3-182/1 to 3, 4th Floor, Lake View Palace, Road No 1, Banjara Hills, Hyderabad - 500034 (Opposite Taj Banjara)
",Banjara Hills,B-,13,8976764578
13,Aarohi Blood Bank,"Door No 6-3-182/1 to 3, 4th Floor, Lake View Palace, Road No 1, Banjara Hills, Hyderabad - 500034 (Opposite Taj Banjara)
",Banjara Hills,O+,13,8976764578
13,Aarohi Blood Bank,"Door No 6-3-182/1 to 3, 4th Floor, Lake View Palace, Road No 1, Banjara Hills, Hyderabad - 500034 (Opposite Taj Banjara)
",Banjara Hills,O-,25,8976764578
13,Aarohi Blood Bank,"Door No 6-3-182/1 to 3, 4th Floor, Lake View Palace, Road No 1, Banjara Hills, Hyderabad - 500034 (Opposite Taj Banjara)
",Banjara Hills,AB+,26,8976764578
13,Aarohi Blood Bank,"Door No 6-3-182/1 to 3, 4th Floor, Lake View Palace, Road No 1, Banjara Hills, Hyderabad - 500034 (Opposite Taj Banjara)
",Banjara Hills,AB-,12,8976764578
14,Basavatarakam Indo American Cancer Hospital Blood ,"C/O Basavatarakam Indo American Cancer Hospital & Research Institute, Banjara Hills, Hyderabad - 500034
",Banjara Hills,A+,16,8778965643
14,Basavatarakam Indo American Cancer Hospital Blood ,"C/O Basavatarakam Indo American Cancer Hospital & Research Institute, Banjara Hills, Hyderabad - 500034
",Banjara Hills,A-,22,8778965643
14,Basavatarakam Indo American Cancer Hospital Blood ,"C/O Basavatarakam Indo American Cancer Hospital & Research Institute, Banjara Hills, Hyderabad - 500034
",Banjara Hills,B+,30,8778965643
14,Basavatarakam Indo American Cancer Hospital Blood ,"C/O Basavatarakam Indo American Cancer Hospital & Research Institute, Banjara Hills, Hyderabad - 500034
",Banjara Hills,B-,23,8778965643
14,Basavatarakam Indo American Cancer Hospital Blood ,"C/O Basavatarakam Indo American Cancer Hospital & Research Institute, Banjara Hills, Hyderabad - 500034
",Banjara Hills,O+,34,8778965643
14,Basavatarakam Indo American Cancer Hospital Blood ,"C/O Basavatarakam Indo American Cancer Hospital & Research Institute, Banjara Hills, Hyderabad - 500034
",Banjara Hills,O-,10,8778965643
14,Basavatarakam Indo American Cancer Hospital Blood ,"C/O Basavatarakam Indo American Cancer Hospital & Research Institute, Banjara Hills, Hyderabad - 500034
",Banjara Hills,AB+,39,8778965643
14,Basavatarakam Indo American Cancer Hospital Blood ,"C/O Basavatarakam Indo American Cancer Hospital & Research Institute, Banjara Hills, Hyderabad - 500034
",Banjara Hills,AB-,37,8778965643
15,AP Centre For Emergency Medicare,"Road No 1, Banjara Hills, Hyderabad - 500034 (Opposite Vengalrao Park)
",Banjara Hills,A+,14,9989776554
15,AP Centre For Emergency Medicare,"Road No 1, Banjara Hills, Hyderabad - 500034 (Opposite Vengalrao Park)
",Banjara Hills,A-,26,9989776554
15,AP Centre For Emergency Medicare,"Road No 1, Banjara Hills, Hyderabad - 500034 (Opposite Vengalrao Park)
",Banjara Hills,B+,40,9989776554
15,AP Centre For Emergency Medicare,"Road No 1, Banjara Hills, Hyderabad - 500034 (Opposite Vengalrao Park)
",Banjara Hills,B-,35,9989776554
15,AP Centre For Emergency Medicare,"Road No 1, Banjara Hills, Hyderabad - 500034 (Opposite Vengalrao Park)
",Banjara Hills,O+,8,9989776554
15,AP Centre For Emergency Medicare,"Road No 1, Banjara Hills, Hyderabad - 500034 (Opposite Vengalrao Park)
",Banjara Hills,O-,36,9989776554
15,AP Centre For Emergency Medicare,"Road No 1, Banjara Hills, Hyderabad - 500034 (Opposite Vengalrao Park)
",Banjara Hills,AB+,34,9989776554
15,AP Centre For Emergency Medicare,"Road No 1, Banjara Hills, Hyderabad - 500034 (Opposite Vengalrao Park)
",Banjara Hills,AB-,26,9989776554
16,Deccan's Blood Centre,"House No 7-1-71/A/A, 1st Floor, Dharam Karam Road, Ameerpet, Hyderabad - 500016 (Above Challa Hospital)
",Ameerpet,A+,19,9897866543
16,Deccan's Blood Centre,"House No 7-1-71/A/A, 1st Floor, Dharam Karam Road, Ameerpet, Hyderabad - 500016 (Above Challa Hospital)
",Ameerpet,A-,23,9897866543
16,Deccan's Blood Centre,"House No 7-1-71/A/A, 1st Floor, Dharam Karam Road, Ameerpet, Hyderabad - 500016 (Above Challa Hospital)
",Ameerpet,B+,27,9897866543
16,Deccan's Blood Centre,"House No 7-1-71/A/A, 1st Floor, Dharam Karam Road, Ameerpet, Hyderabad - 500016 (Above Challa Hospital)
",Ameerpet,B-,35,9897866543
16,Deccan's Blood Centre,"House No 7-1-71/A/A, 1st Floor, Dharam Karam Road, Ameerpet, Hyderabad - 500016 (Above Challa Hospital)
",Ameerpet,O+,36,9897866543
16,Deccan's Blood Centre,"House No 7-1-71/A/A, 1st Floor, Dharam Karam Road, Ameerpet, Hyderabad - 500016 (Above Challa Hospital)
",Ameerpet,O-,27,9897866543
16,Deccan's Blood Centre,"House No 7-1-71/A/A, 1st Floor, Dharam Karam Road, Ameerpet, Hyderabad - 500016 (Above Challa Hospital)
",Ameerpet,AB+,34,9897866543
16,Deccan's Blood Centre,"House No 7-1-71/A/A, 1st Floor, Dharam Karam Road, Ameerpet, Hyderabad - 500016 (Above Challa Hospital)
",Ameerpet,AB-,39,9897866543
17,Mythri Blood Bank,"Ameerpet, Hyderabad - 500016
",Ameerpet,A+,22,8977886554
17,Mythri Blood Bank,"Ameerpet, Hyderabad - 500016
",Ameerpet,A-,19,8977886554
17,Mythri Blood Bank,"Ameerpet, Hyderabad - 500016
",Ameerpet,B+,40,8977886554
17,Mythri Blood Bank,"Ameerpet, Hyderabad - 500016
",Ameerpet,B-,23,8977886554
17,Mythri Blood Bank,"Ameerpet, Hyderabad - 500016
",Ameerpet,O+,38,8977886554
17,Mythri Blood Bank,"Ameerpet, Hyderabad - 500016
",Ameerpet,O-,27,8977886554
17,Mythri Blood Bank,"Ameerpet, Hyderabad - 500016
",Ameerpet,AB+,31,8977886554
17,Mythri Blood Bank,"Ameerpet, Hyderabad - 500016
",Ameerpet,AB-,24,8977886554
18,Image Hospitals (Super Speciality Centres),"Flat No 411, Sree Rama Krishna Towers, Ameerpet, Hyderabad - 500016
",Ameerpet,A+,9,8799876678
18,Image Hospitals (Super Speciality Centres),"Flat No 411, Sree Rama Krishna Towers, Ameerpet, Hyderabad - 500016
",Ameerpet,A-,27,8799876678
18,Image Hospitals (Super Speciality Centres),"Flat No 411, Sree Rama Krishna Towers, Ameerpet, Hyderabad - 500016
",Ameerpet,B+,8,8799876678
18,Image Hospitals (Super Speciality Centres),"Flat No 411, Sree Rama Krishna Towers, Ameerpet, Hyderabad - 500016
",Ameerpet,B-,8,8799876678
18,Image Hospitals (Super Speciality Centres),"Flat No 411, Sree Rama Krishna Towers, Ameerpet, Hyderabad - 500016
",Ameerpet,O+,8,8799876678
18,Image Hospitals (Super Speciality Centres),"Flat No 411, Sree Rama Krishna Towers, Ameerpet, Hyderabad - 500016
",Ameerpet,O-,26,8799876678
18,Image Hospitals (Super Speciality Centres),"Flat No 411, Sree Rama Krishna Towers, Ameerpet, Hyderabad - 500016
",Ameerpet,AB+,39,8799876678
18,Image Hospitals (Super Speciality Centres),"Flat No 411, Sree Rama Krishna Towers, Ameerpet, Hyderabad - 500016
",Ameerpet,AB-,35,8799876678
19,Jeevadhaara Voluntary Blood Bank,"Door No 9-4-269-275, 2nd Floor, Secunderabad City, Secunderabad - 500003 (Above Saluja Hospital, Opposite Railway Station, Beside Sandarshini Hotel)
",Secunderabad,A+,17,8996756754
19,Jeevadhaara Voluntary Blood Bank,"Door No 9-4-269-275, 2nd Floor, Secunderabad City, Secunderabad - 500003 (Above Saluja Hospital, Opposite Railway Station, Beside Sandarshini Hotel)
",Secunderabad,A-,12,8996756754
19,Jeevadhaara Voluntary Blood Bank,"Door No 9-4-269-275, 2nd Floor, Secunderabad City, Secunderabad - 500003 (Above Saluja Hospital, Opposite Railway Station, Beside Sandarshini Hotel)
",Secunderabad,B+,39,8996756754
19,Jeevadhaara Voluntary Blood Bank,"Door No 9-4-269-275, 2nd Floor, Secunderabad City, Secunderabad - 500003 (Above Saluja Hospital, Opposite Railway Station, Beside Sandarshini Hotel)
",Secunderabad,B-,31,8996756754
19,Jeevadhaara Voluntary Blood Bank,"Door No 9-4-269-275, 2nd Floor, Secunderabad City, Secunderabad - 500003 (Above Saluja Hospital, Opposite Railway Station, Beside Sandarshini Hotel)
",Secunderabad,O+,37,8996756754
19,Jeevadhaara Voluntary Blood Bank,"Door No 9-4-269-275, 2nd Floor, Secunderabad City, Secunderabad - 500003 (Above Saluja Hospital, Opposite Railway Station, Beside Sandarshini Hotel)
",Secunderabad,O-,28,8996756754
19,Jeevadhaara Voluntary Blood Bank,"Door No 9-4-269-275, 2nd Floor, Secunderabad City, Secunderabad - 500003 (Above Saluja Hospital, Opposite Railway Station, Beside Sandarshini Hotel)
",Secunderabad,AB+,35,8996756754
19,Jeevadhaara Voluntary Blood Bank,"Door No 9-4-269-275, 2nd Floor, Secunderabad City, Secunderabad - 500003 (Above Saluja Hospital, Opposite Railway Station, Beside Sandarshini Hotel)
",Secunderabad,AB-,27,8996756754
20,Sushruta Blood Bank,"Spg Church Complex, Station Road, Secunderabad City, Secunderabad - 500003
",Secunderabad,A+,14,9889767897
20,Sushruta Blood Bank,"Spg Church Complex, Station Road, Secunderabad City, Secunderabad - 500003
",Secunderabad,A-,13,9889767897
20,Sushruta Blood Bank,"Spg Church Complex, Station Road, Secunderabad City, Secunderabad - 500003
",Secunderabad,B+,26,9889767897
20,Sushruta Blood Bank,"Spg Church Complex, Station Road, Secunderabad City, Secunderabad - 500003
",Secunderabad,B-,37,9889767897
20,Sushruta Blood Bank,"Spg Church Complex, Station Road, Secunderabad City, Secunderabad - 500003
",Secunderabad,O+,34,9889767897
20,Sushruta Blood Bank,"Spg Church Complex, Station Road, Secunderabad City, Secunderabad - 500003
",Secunderabad,O-,37,9889767897
20,Sushruta Blood Bank,"Spg Church Complex, Station Road, Secunderabad City, Secunderabad - 500003
",Secunderabad,AB+,17,9889767897
20,Sushruta Blood Bank,"Spg Church Complex, Station Road, Secunderabad City, Secunderabad - 500003
",Secunderabad,AB-,19,9889767897
21,SHYAM Blood Bank Services & Supply,"Secunderabad City, Secunderabad - 500003 (Near Railway Station)
",Secunderabad,A+,37,8766467889
21,SHYAM Blood Bank Services & Supply,"Secunderabad City, Secunderabad - 500003 (Near Railway Station)
",Secunderabad,A-,40,8766467889
21,SHYAM Blood Bank Services & Supply,"Secunderabad City, Secunderabad - 500003 (Near Railway Station)
",Secunderabad,B+,32,8766467889
21,SHYAM Blood Bank Services & Supply,"Secunderabad City, Secunderabad - 500003 (Near Railway Station)
",Secunderabad,B-,23,8766467889
21,SHYAM Blood Bank Services & Supply,"Secunderabad City, Secunderabad - 500003 (Near Railway Station)
",Secunderabad,O+,20,8766467889
21,SHYAM Blood Bank Services & Supply,"Secunderabad City, Secunderabad - 500003 (Near Railway Station)
",Secunderabad,O-,13,8766467889
21,SHYAM Blood Bank Services & Supply,"Secunderabad City, Secunderabad - 500003 (Near Railway Station)
",Secunderabad,AB+,24,8766467889
21,SHYAM Blood Bank Services & Supply,"Secunderabad City, Secunderabad - 500003 (Near Railway Station)
",Secunderabad,AB-,11,8766467889
22,Sri Balaji Blood Bank,"Door No 16-8-923, Nalgonda X Roads, Malakpet, Hyderabad - 500036 (Beside SS Garden Function Hall)
",Malakpet,A+,39,7898765456
22,Sri Balaji Blood Bank,"Door No 16-8-923, Nalgonda X Roads, Malakpet, Hyderabad - 500036 (Beside SS Garden Function Hall)
",Malakpet,A-,38,7898765456
22,Sri Balaji Blood Bank,"Door No 16-8-923, Nalgonda X Roads, Malakpet, Hyderabad - 500036 (Beside SS Garden Function Hall)
",Malakpet,B+,39,7898765456
22,Sri Balaji Blood Bank,"Door No 16-8-923, Nalgonda X Roads, Malakpet, Hyderabad - 500036 (Beside SS Garden Function Hall)
",Malakpet,B-,24,7898765456
22,Sri Balaji Blood Bank,"Door No 16-8-923, Nalgonda X Roads, Malakpet, Hyderabad - 500036 (Beside SS Garden Function Hall)
",Malakpet,O+,39,7898765456
22,Sri Balaji Blood Bank,"Door No 16-8-923, Nalgonda X Roads, Malakpet, Hyderabad - 500036 (Beside SS Garden Function Hall)
",Malakpet,O-,39,7898765456
22,Sri Balaji Blood Bank,"Door No 16-8-923, Nalgonda X Roads, Malakpet, Hyderabad - 500036 (Beside SS Garden Function Hall)
",Malakpet,AB+,29,7898765456
22,Sri Balaji Blood Bank,"Door No 16-8-923, Nalgonda X Roads, Malakpet, Hyderabad - 500036 (Beside SS Garden Function Hall)
",Malakpet,AB-,20,7898765456
23,Doctors Blood Bank,"16/8/923 Cellar Sri SAI Towers, Nalgonda X Road, Below SBI, Malakpet, Hyderabad - 500036
",Malakpet,A+,13,7866567894
23,Doctors Blood Bank,"16/8/923 Cellar Sri SAI Towers, Nalgonda X Road, Below SBI, Malakpet, Hyderabad - 500036
",Malakpet,A-,29,7866567894
23,Doctors Blood Bank,"16/8/923 Cellar Sri SAI Towers, Nalgonda X Road, Below SBI, Malakpet, Hyderabad - 500036
",Malakpet,B+,8,7866567894
23,Doctors Blood Bank,"16/8/923 Cellar Sri SAI Towers, Nalgonda X Road, Below SBI, Malakpet, Hyderabad - 500036
",Malakpet,B-,31,7866567894
23,Doctors Blood Bank,"16/8/923 Cellar Sri SAI Towers, Nalgonda X Road, Below SBI, Malakpet, Hyderabad - 500036
",Malakpet,O+,17,7866567894
23,Doctors Blood Bank,"16/8/923 Cellar Sri SAI Towers, Nalgonda X Road, Below SBI, Malakpet, Hyderabad - 500036
",Malakpet,O-,11,7866567894
23,Doctors Blood Bank,"16/8/923 Cellar Sri SAI Towers, Nalgonda X Road, Below SBI, Malakpet, Hyderabad - 500036
",Malakpet,AB+,38,7866567894
23,Doctors Blood Bank,"16/8/923 Cellar Sri SAI Towers, Nalgonda X Road, Below SBI, Malakpet, Hyderabad - 500036
",Malakpet,AB-,36,7866567894
24,Navjeevan Blood Bank,"16-2-678/1/C, Old Malakpet, Hyderabad - 500036
",Malakpet,A+,8,9987896754
24,Navjeevan Blood Bank,"16-2-678/1/C, Old Malakpet, Hyderabad - 500036
",Malakpet,A-,37,9987896754
24,Navjeevan Blood Bank,"16-2-678/1/C, Old Malakpet, Hyderabad - 500036
",Malakpet,B+,38,9987896754
24,Navjeevan Blood Bank,"16-2-678/1/C, Old Malakpet, Hyderabad - 500036
",Malakpet,B-,26,9987896754
24,Navjeevan Blood Bank,"16-2-678/1/C, Old Malakpet, Hyderabad - 500036
",Malakpet,O+,17,9987896754
24,Navjeevan Blood Bank,"16-2-678/1/C, Old Malakpet, Hyderabad - 500036
",Malakpet,O-,25,9987896754
24,Navjeevan Blood Bank,"16-2-678/1/C, Old Malakpet, Hyderabad - 500036
",Malakpet,AB+,20,9987896754
24,Navjeevan Blood Bank,"16-2-678/1/C, Old Malakpet, Hyderabad - 500036
",Malakpet,AB-,21,9987896754
25,Wockhardth Hospitals Limited,"House No 16-9-800, Manikonda Nilayam, Old Malakpet, Hyderabad - 500036
",Malakpet,A+,26,9889746387
25,Wockhardth Hospitals Limited,"House No 16-9-800, Manikonda Nilayam, Old Malakpet, Hyderabad - 500036
",Malakpet,A-,21,9889746387
25,Wockhardth Hospitals Limited,"House No 16-9-800, Manikonda Nilayam, Old Malakpet, Hyderabad - 500036
",Malakpet,B+,26,9889746387
25,Wockhardth Hospitals Limited,"House No 16-9-800, Manikonda Nilayam, Old Malakpet, Hyderabad - 500036
",Malakpet,B-,10,9889746387
25,Wockhardth Hospitals Limited,"House No 16-9-800, Manikonda Nilayam, Old Malakpet, Hyderabad - 500036
",Malakpet,O+,23,9889746387
25,Wockhardth Hospitals Limited,"House No 16-9-800, Manikonda Nilayam, Old Malakpet, Hyderabad - 500036
",Malakpet,O-,22,9889746387
25,Wockhardth Hospitals Limited,"House No 16-9-800, Manikonda Nilayam, Old Malakpet, Hyderabad - 500036
",Malakpet,AB+,12,9889746387
25,Wockhardth Hospitals Limited,"House No 16-9-800, Manikonda Nilayam, Old Malakpet, Hyderabad - 500036
",Malakpet,AB-,22,9889746387
26,Vivekananda Blood Bank,"Door No 12-2-790/4, Kings Furniture Lane, Mehdipatnam, Hyderabad - 500028 (Opposite Piller No 28, Ayodhya Nagar Colony)
",Mehdipatnam,A+,12,8978678897
26,Vivekananda Blood Bank,"Door No 12-2-790/4, Kings Furniture Lane, Mehdipatnam, Hyderabad - 500028 (Opposite Piller No 28, Ayodhya Nagar Colony)
",Mehdipatnam,A-,14,8978678897
26,Vivekananda Blood Bank,"Door No 12-2-790/4, Kings Furniture Lane, Mehdipatnam, Hyderabad - 500028 (Opposite Piller No 28, Ayodhya Nagar Colony)
",Mehdipatnam,B+,31,8978678897
26,Vivekananda Blood Bank,"Door No 12-2-790/4, Kings Furniture Lane, Mehdipatnam, Hyderabad - 500028 (Opposite Piller No 28, Ayodhya Nagar Colony)
",Mehdipatnam,B-,21,8978678897
26,Vivekananda Blood Bank,"Door No 12-2-790/4, Kings Furniture Lane, Mehdipatnam, Hyderabad - 500028 (Opposite Piller No 28, Ayodhya Nagar Colony)
",Mehdipatnam,O+,37,8978678897
26,Vivekananda Blood Bank,"Door No 12-2-790/4, Kings Furniture Lane, Mehdipatnam, Hyderabad - 500028 (Opposite Piller No 28, Ayodhya Nagar Colony)
",Mehdipatnam,O-,38,8978678897
26,Vivekananda Blood Bank,"Door No 12-2-790/4, Kings Furniture Lane, Mehdipatnam, Hyderabad - 500028 (Opposite Piller No 28, Ayodhya Nagar Colony)
",Mehdipatnam,AB+,29,8978678897
26,Vivekananda Blood Bank,"Door No 12-2-790/4, Kings Furniture Lane, Mehdipatnam, Hyderabad - 500028 (Opposite Piller No 28, Ayodhya Nagar Colony)
",Mehdipatnam,AB-,23,8978678897
27,Premier Blood Bank,"3rd Floor, P K 415, Mehdipatnam, Hyderabad - 500028 (Near Vista Diagnostics, Nanal Nagar)
",Mehdipatnam,A+,28,9887867564
27,Premier Blood Bank,"3rd Floor, P K 415, Mehdipatnam, Hyderabad - 500028 (Near Vista Diagnostics, Nanal Nagar)
",Mehdipatnam,A-,12,9887867564
27,Premier Blood Bank,"3rd Floor, P K 415, Mehdipatnam, Hyderabad - 500028 (Near Vista Diagnostics, Nanal Nagar)
",Mehdipatnam,B+,32,9887867564
27,Premier Blood Bank,"3rd Floor, P K 415, Mehdipatnam, Hyderabad - 500028 (Near Vista Diagnostics, Nanal Nagar)
",Mehdipatnam,B-,13,9887867564
27,Premier Blood Bank,"3rd Floor, P K 415, Mehdipatnam, Hyderabad - 500028 (Near Vista Diagnostics, Nanal Nagar)
",Mehdipatnam,O+,9,9887867564
27,Premier Blood Bank,"3rd Floor, P K 415, Mehdipatnam, Hyderabad - 500028 (Near Vista Diagnostics, Nanal Nagar)
",Mehdipatnam,O-,17,9887867564
27,Premier Blood Bank,"3rd Floor, P K 415, Mehdipatnam, Hyderabad - 500028 (Near Vista Diagnostics, Nanal Nagar)
",Mehdipatnam,AB+,14,9887867564
27,Premier Blood Bank,"3rd Floor, P K 415, Mehdipatnam, Hyderabad - 500028 (Near Vista Diagnostics, Nanal Nagar)
",Mehdipatnam,AB-,38,9887867564
28,Indian Red Cross Society,"Shri J M Tanna Red Cross Bhavan, Idar Road, Himatnagar Ho, Himatnagar - 383001 (Near Post Office)
",Himatnagar,A+,33,8997866543
28,Indian Red Cross Society,"Shri J M Tanna Red Cross Bhavan, Idar Road, Himatnagar Ho, Himatnagar - 383001 (Near Post Office)
",Himatnagar,A-,30,8997866543
28,Indian Red Cross Society,"Shri J M Tanna Red Cross Bhavan, Idar Road, Himatnagar Ho, Himatnagar - 383001 (Near Post Office)
",Himatnagar,B+,24,8997866543
28,Indian Red Cross Society,"Shri J M Tanna Red Cross Bhavan, Idar Road, Himatnagar Ho, Himatnagar - 383001 (Near Post Office)
",Himatnagar,B-,29,8997866543
28,Indian Red Cross Society,"Shri J M Tanna Red Cross Bhavan, Idar Road, Himatnagar Ho, Himatnagar - 383001 (Near Post Office)
",Himatnagar,O+,31,8997866543
28,Indian Red Cross Society,"Shri J M Tanna Red Cross Bhavan, Idar Road, Himatnagar Ho, Himatnagar - 383001 (Near Post Office)
",Himatnagar,O-,38,8997866543
28,Indian Red Cross Society,"Shri J M Tanna Red Cross Bhavan, Idar Road, Himatnagar Ho, Himatnagar - 383001 (Near Post Office)
",Himatnagar,AB+,11,8997866543
28,Indian Red Cross Society,"Shri J M Tanna Red Cross Bhavan, Idar Road, Himatnagar Ho, Himatnagar - 383001 (Near Post Office)
",Himatnagar,AB-,35,8997866543
29,Civil Hospital Blood Bank,"Civil Campus, Himatnagar Ho, Himatnagar - 383001
",Himatnagar,A+,39,8897650432
29,Civil Hospital Blood Bank,"Civil Campus, Himatnagar Ho, Himatnagar - 383001
",Himatnagar,A-,29,8897650432
29,Civil Hospital Blood Bank,"Civil Campus, Himatnagar Ho, Himatnagar - 383001
",Himatnagar,B+,30,8897650432
29,Civil Hospital Blood Bank,"Civil Campus, Himatnagar Ho, Himatnagar - 383001
",Himatnagar,B-,32,8897650432
29,Civil Hospital Blood Bank,"Civil Campus, Himatnagar Ho, Himatnagar - 383001
",Himatnagar,O+,13,8897650432
29,Civil Hospital Blood Bank,"Civil Campus, Himatnagar Ho, Himatnagar - 383001
",Himatnagar,O-,8,8897650432
29,Civil Hospital Blood Bank,"Civil Campus, Himatnagar Ho, Himatnagar - 383001
",Himatnagar,AB+,32,8897650432
29,Civil Hospital Blood Bank,"Civil Campus, Himatnagar Ho, Himatnagar - 383001
",Himatnagar,AB-,34,8897650432
30,Rajya Lakshmi Charitable Trust,"House No 18-77/78, Chaitanyapuri, Hyderabad - 500060 (Opposite Swagath Hotel Lane, Kamala Nagar)
",Chaitanyapuri,A+,21,9876654324
30,Rajya Lakshmi Charitable Trust,"House No 18-77/78, Chaitanyapuri, Hyderabad - 500060 (Opposite Swagath Hotel Lane, Kamala Nagar)
",Chaitanyapuri,A-,30,9876654324
30,Rajya Lakshmi Charitable Trust,"House No 18-77/78, Chaitanyapuri, Hyderabad - 500060 (Opposite Swagath Hotel Lane, Kamala Nagar)
",Chaitanyapuri,B+,36,9876654324
30,Rajya Lakshmi Charitable Trust,"House No 18-77/78, Chaitanyapuri, Hyderabad - 500060 (Opposite Swagath Hotel Lane, Kamala Nagar)
",Chaitanyapuri,B-,8,9876654324
30,Rajya Lakshmi Charitable Trust,"House No 18-77/78, Chaitanyapuri, Hyderabad - 500060 (Opposite Swagath Hotel Lane, Kamala Nagar)
",Chaitanyapuri,O+,31,9876654324
30,Rajya Lakshmi Charitable Trust,"House No 18-77/78, Chaitanyapuri, Hyderabad - 500060 (Opposite Swagath Hotel Lane, Kamala Nagar)
",Chaitanyapuri,O-,14,9876654324
30,Rajya Lakshmi Charitable Trust,"House No 18-77/78, Chaitanyapuri, Hyderabad - 500060 (Opposite Swagath Hotel Lane, Kamala Nagar)
",Chaitanyapuri,AB+,9,9876654324
30,Rajya Lakshmi Charitable Trust,"House No 18-77/78, Chaitanyapuri, Hyderabad - 500060 (Opposite Swagath Hotel Lane, Kamala Nagar)
",Chaitanyapuri,AB-,19,9876654324
31,Navajeevan Blood Centre ( Blood Bank ),"Door No 18/77/78 Rudra Complex, V V Nagar Road, Kamala Nagar Road No 3, Chaitanyapuri, Chaitanyapuri, Hyderabad - 500060 (Metro Pillar No 1556 Indian Bank Lane)
",Chaitanyapuri,A+,35,8977654567
31,Navajeevan Blood Centre ( Blood Bank ),"Door No 18/77/78 Rudra Complex, V V Nagar Road, Kamala Nagar Road No 3, Chaitanyapuri, Chaitanyapuri, Hyderabad - 500060 (Metro Pillar No 1556 Indian Bank Lane)
",Chaitanyapuri,A-,11,8977654567
31,Navajeevan Blood Centre ( Blood Bank ),"Door No 18/77/78 Rudra Complex, V V Nagar Road, Kamala Nagar Road No 3, Chaitanyapuri, Chaitanyapuri, Hyderabad - 500060 (Metro Pillar No 1556 Indian Bank Lane)
",Chaitanyapuri,B+,11,8977654567
31,Navajeevan Blood Centre ( Blood Bank ),"Door No 18/77/78 Rudra Complex, V V Nagar Road, Kamala Nagar Road No 3, Chaitanyapuri, Chaitanyapuri, Hyderabad - 500060 (Metro Pillar No 1556 Indian Bank Lane)
",Chaitanyapuri,B-,18,8977654567
31,Navajeevan Blood Centre ( Blood Bank ),"Door No 18/77/78 Rudra Complex, V V Nagar Road, Kamala Nagar Road No 3, Chaitanyapuri, Chaitanyapuri, Hyderabad - 500060 (Metro Pillar No 1556 Indian Bank Lane)
",Chaitanyapuri,O+,33,8977654567
31,Navajeevan Blood Centre ( Blood Bank ),"Door No 18/77/78 Rudra Complex, V V Nagar Road, Kamala Nagar Road No 3, Chaitanyapuri, Chaitanyapuri, Hyderabad - 500060 (Metro Pillar No 1556 Indian Bank Lane)
",Chaitanyapuri,O-,38,8977654567
31,Navajeevan Blood Centre ( Blood Bank ),"Door No 18/77/78 Rudra Complex, V V Nagar Road, Kamala Nagar Road No 3, Chaitanyapuri, Chaitanyapuri, Hyderabad - 500060 (Metro Pillar No 1556 Indian Bank Lane)
",Chaitanyapuri,AB+,32,8977654567
31,Navajeevan Blood Centre ( Blood Bank ),"Door No 18/77/78 Rudra Complex, V V Nagar Road, Kamala Nagar Road No 3, Chaitanyapuri, Chaitanyapuri, Hyderabad - 500060 (Metro Pillar No 1556 Indian Bank Lane)
",Chaitanyapuri,AB-,28,8977654567
32,Sangam Blood Bank,"House No 8-15-106/1, 3 Rd Floor, Lb Nagar, Hyderabad - 500074 (Beside BVK Multiplex Parking Area)
", L B Nagar,A+,32,9874738837
32,Sangam Blood Bank,"House No 8-15-106/1, 3 Rd Floor, Lb Nagar, Hyderabad - 500074 (Beside BVK Multiplex Parking Area)
", L B Nagar,A-,30,9874738837
32,Sangam Blood Bank,"House No 8-15-106/1, 3 Rd Floor, Lb Nagar, Hyderabad - 500074 (Beside BVK Multiplex Parking Area)
", L B Nagar,B+,32,9874738837
32,Sangam Blood Bank,"House No 8-15-106/1, 3 Rd Floor, Lb Nagar, Hyderabad - 500074 (Beside BVK Multiplex Parking Area)
", L B Nagar,B-,40,9874738837
32,Sangam Blood Bank,"House No 8-15-106/1, 3 Rd Floor, Lb Nagar, Hyderabad - 500074 (Beside BVK Multiplex Parking Area)
", L B Nagar,O+,12,9874738837
32,Sangam Blood Bank,"House No 8-15-106/1, 3 Rd Floor, Lb Nagar, Hyderabad - 500074 (Beside BVK Multiplex Parking Area)
", L B Nagar,O-,19,9874738837
32,Sangam Blood Bank,"House No 8-15-106/1, 3 Rd Floor, Lb Nagar, Hyderabad - 500074 (Beside BVK Multiplex Parking Area)
", L B Nagar,AB+,40,9874738837
32,Sangam Blood Bank,"House No 8-15-106/1, 3 Rd Floor, Lb Nagar, Hyderabad - 500074 (Beside BVK Multiplex Parking Area)
", L B Nagar,AB-,16,9874738837
33,Kamineni Blood Bank ,"C/O, Kamineni Hospitals Pvt Ltd, Survey No 68, LB Nagar, Hyderabad - 500074 (Beside Big Bazar)
",L B Nagar,A+,13,8493847564
33,Kamineni Blood Bank ,"C/O, Kamineni Hospitals Pvt Ltd, Survey No 68, LB Nagar, Hyderabad - 500074 (Beside Big Bazar)
",L B Nagar,A-,29,8493847564
33,Kamineni Blood Bank ,"C/O, Kamineni Hospitals Pvt Ltd, Survey No 68, LB Nagar, Hyderabad - 500074 (Beside Big Bazar)
",L B Nagar,B+,32,8493847564
33,Kamineni Blood Bank ,"C/O, Kamineni Hospitals Pvt Ltd, Survey No 68, LB Nagar, Hyderabad - 500074 (Beside Big Bazar)
",L B Nagar,B-,10,8493847564
33,Kamineni Blood Bank ,"C/O, Kamineni Hospitals Pvt Ltd, Survey No 68, LB Nagar, Hyderabad - 500074 (Beside Big Bazar)
",L B Nagar,O+,28,8493847564
33,Kamineni Blood Bank ,"C/O, Kamineni Hospitals Pvt Ltd, Survey No 68, LB Nagar, Hyderabad - 500074 (Beside Big Bazar)
",L B Nagar,O-,35,8493847564
33,Kamineni Blood Bank ,"C/O, Kamineni Hospitals Pvt Ltd, Survey No 68, LB Nagar, Hyderabad - 500074 (Beside Big Bazar)
",L B Nagar,AB+,15,8493847564
33,Kamineni Blood Bank ,"C/O, Kamineni Hospitals Pvt Ltd, Survey No 68, LB Nagar, Hyderabad - 500074 (Beside Big Bazar)
",L B Nagar,AB-,22,8493847564
34,Olive Blood Bank,"Nanal Nagar X Road, LB Nagar, Hyderabad - 500074
",L B Nagar,A+,21,9844738475
34,Olive Blood Bank,"Nanal Nagar X Road, LB Nagar, Hyderabad - 500074
",L B Nagar,A-,34,9844738475
34,Olive Blood Bank,"Nanal Nagar X Road, LB Nagar, Hyderabad - 500074
",L B Nagar,B+,28,9844738475
34,Olive Blood Bank,"Nanal Nagar X Road, LB Nagar, Hyderabad - 500074
",L B Nagar,B-,34,9844738475
34,Olive Blood Bank,"Nanal Nagar X Road, LB Nagar, Hyderabad - 500074
",L B Nagar,O+,26,9844738475
34,Olive Blood Bank,"Nanal Nagar X Road, LB Nagar, Hyderabad - 500074
",L B Nagar,O-,20,9844738475
34,Olive Blood Bank,"Nanal Nagar X Road, LB Nagar, Hyderabad - 500074
",L B Nagar,AB+,37,9844738475
34,Olive Blood Bank,"Nanal Nagar X Road, LB Nagar, Hyderabad - 500074
",L B Nagar,AB-,33,9844738475
35,Red Cross Blood Bank,"Door No 1-9-310, Road No 6, Vidya Nagar, Hyderabad - 500044 (Opposite Achyutha Reddy Complex)
",Vidya Nagar,A+,12,9844937749
35,Red Cross Blood Bank,"Door No 1-9-310, Road No 6, Vidya Nagar, Hyderabad - 500044 (Opposite Achyutha Reddy Complex)
",Vidya Nagar,A-,19,9844937749
35,Red Cross Blood Bank,"Door No 1-9-310, Road No 6, Vidya Nagar, Hyderabad - 500044 (Opposite Achyutha Reddy Complex)
",Vidya Nagar,B+,13,9844937749
35,Red Cross Blood Bank,"Door No 1-9-310, Road No 6, Vidya Nagar, Hyderabad - 500044 (Opposite Achyutha Reddy Complex)
",Vidya Nagar,B-,36,9844937749
35,Red Cross Blood Bank,"Door No 1-9-310, Road No 6, Vidya Nagar, Hyderabad - 500044 (Opposite Achyutha Reddy Complex)
",Vidya Nagar,O+,14,9844937749
35,Red Cross Blood Bank,"Door No 1-9-310, Road No 6, Vidya Nagar, Hyderabad - 500044 (Opposite Achyutha Reddy Complex)
",Vidya Nagar,O-,26,9844937749
35,Red Cross Blood Bank,"Door No 1-9-310, Road No 6, Vidya Nagar, Hyderabad - 500044 (Opposite Achyutha Reddy Complex)
",Vidya Nagar,AB+,30,9844937749
35,Red Cross Blood Bank,"Door No 1-9-310, Road No 6, Vidya Nagar, Hyderabad - 500044 (Opposite Achyutha Reddy Complex)
",Vidya Nagar,AB-,21,9844937749
36,Andhra Mahila Sabha Durgabai Deshmukh Hospital & B,"Osmania University Road, Adikmet-vidya Nagar, Hyderabad - 500044
",Vidya Nagar,A+,35,8997876545
36,Andhra Mahila Sabha Durgabai Deshmukh Hospital & B,"Osmania University Road, Adikmet-vidya Nagar, Hyderabad - 500044
",Vidya Nagar,A-,18,8997876545
36,Andhra Mahila Sabha Durgabai Deshmukh Hospital & B,"Osmania University Road, Adikmet-vidya Nagar, Hyderabad - 500044
",Vidya Nagar,B+,12,8997876545
36,Andhra Mahila Sabha Durgabai Deshmukh Hospital & B,"Osmania University Road, Adikmet-vidya Nagar, Hyderabad - 500044
",Vidya Nagar,B-,9,8997876545
36,Andhra Mahila Sabha Durgabai Deshmukh Hospital & B,"Osmania University Road, Adikmet-vidya Nagar, Hyderabad - 500044
",Vidya Nagar,O+,9,8997876545
36,Andhra Mahila Sabha Durgabai Deshmukh Hospital & B,"Osmania University Road, Adikmet-vidya Nagar, Hyderabad - 500044
",Vidya Nagar,O-,39,8997876545
36,Andhra Mahila Sabha Durgabai Deshmukh Hospital & B,"Osmania University Road, Adikmet-vidya Nagar, Hyderabad - 500044
",Vidya Nagar,AB+,25,8997876545
36,Andhra Mahila Sabha Durgabai Deshmukh Hospital & B,"Osmania University Road, Adikmet-vidya Nagar, Hyderabad - 500044
",Vidya Nagar,AB-,21,8997876545
37,Government Maternity Hospital,"Koti, Hyderabad - 500095 (Near Sultan Bazar, Opposite Womens College)

",Koti,A+,19,7889876545
37,Government Maternity Hospital,"Koti, Hyderabad - 500095 (Near Sultan Bazar, Opposite Womens College)

",Koti,A-,12,7889876545
37,Government Maternity Hospital,"Koti, Hyderabad - 500095 (Near Sultan Bazar, Opposite Womens College)

",Koti,B+,28,7889876545
37,Government Maternity Hospital,"Koti, Hyderabad - 500095 (Near Sultan Bazar, Opposite Womens College)

",Koti,B-,29,7889876545
37,Government Maternity Hospital,"Koti, Hyderabad - 500095 (Near Sultan Bazar, Opposite Womens College)

",Koti,O+,20,7889876545
37,Government Maternity Hospital,"Koti, Hyderabad - 500095 (Near Sultan Bazar, Opposite Womens College)

",Koti,O-,9,7889876545
37,Government Maternity Hospital,"Koti, Hyderabad - 500095 (Near Sultan Bazar, Opposite Womens College)

",Koti,AB+,17,7889876545
37,Government Maternity Hospital,"Koti, Hyderabad - 500095 (Near Sultan Bazar, Opposite Womens College)

",Koti,AB-,37,7889876545
38,Lions Club Of Hyderabad East Blood Bank,"Bank Street, Koti, Hyderabad - 500095 (Beside Government Ent Hospital, Opposite State Bank Of India)

",Koti,A+,25,8977864532
38,Lions Club Of Hyderabad East Blood Bank,"Bank Street, Koti, Hyderabad - 500095 (Beside Government Ent Hospital, Opposite State Bank Of India)

",Koti,A-,14,8977864532
38,Lions Club Of Hyderabad East Blood Bank,"Bank Street, Koti, Hyderabad - 500095 (Beside Government Ent Hospital, Opposite State Bank Of India)

",Koti,B+,11,8977864532
38,Lions Club Of Hyderabad East Blood Bank,"Bank Street, Koti, Hyderabad - 500095 (Beside Government Ent Hospital, Opposite State Bank Of India)

",Koti,B-,27,8977864532
38,Lions Club Of Hyderabad East Blood Bank,"Bank Street, Koti, Hyderabad - 500095 (Beside Government Ent Hospital, Opposite State Bank Of India)

",Koti,O+,34,8977864532
38,Lions Club Of Hyderabad East Blood Bank,"Bank Street, Koti, Hyderabad - 500095 (Beside Government Ent Hospital, Opposite State Bank Of India)

",Koti,O-,38,8977864532
38,Lions Club Of Hyderabad East Blood Bank,"Bank Street, Koti, Hyderabad - 500095 (Beside Government Ent Hospital, Opposite State Bank Of India)

",Koti,AB+,36,8977864532
38,Lions Club Of Hyderabad East Blood Bank,"Bank Street, Koti, Hyderabad - 500095 (Beside Government Ent Hospital, Opposite State Bank Of India)

",Koti,AB-,23,8977864532
39,Bhanji Kheraj Blood Bank,"Bank Street, Koti, Hyderabad - 500095 (Near Feroz Gandhi Park)

",Koti,A+,24,9077876755
39,Bhanji Kheraj Blood Bank,"Bank Street, Koti, Hyderabad - 500095 (Near Feroz Gandhi Park)

",Koti,A-,11,9077876755
39,Bhanji Kheraj Blood Bank,"Bank Street, Koti, Hyderabad - 500095 (Near Feroz Gandhi Park)

",Koti,B+,40,9077876755
39,Bhanji Kheraj Blood Bank,"Bank Street, Koti, Hyderabad - 500095 (Near Feroz Gandhi Park)

",Koti,B-,9,9077876755
39,Bhanji Kheraj Blood Bank,"Bank Street, Koti, Hyderabad - 500095 (Near Feroz Gandhi Park)

",Koti,O+,24,9077876755
39,Bhanji Kheraj Blood Bank,"Bank Street, Koti, Hyderabad - 500095 (Near Feroz Gandhi Park)

",Koti,O-,23,9077876755
39,Bhanji Kheraj Blood Bank,"Bank Street, Koti, Hyderabad - 500095 (Near Feroz Gandhi Park)

",Koti,AB+,25,9077876755
39,Bhanji Kheraj Blood Bank,"Bank Street, Koti, Hyderabad - 500095 (Near Feroz Gandhi Park)

",Koti,AB-,33,9077876755
40,Kamineni Blood Bank (Kamineni Hospitals),"C/O, Kamineni Hospitals, Door No 4/1/1227, King Koti, Hyderabad - 500001 (Behind Taj Mahal Hotel)

",Koti,A+,26,9874232944
40,Kamineni Blood Bank (Kamineni Hospitals),"C/O, Kamineni Hospitals, Door No 4/1/1227, King Koti, Hyderabad - 500001 (Behind Taj Mahal Hotel)

",Koti,A-,17,9874232944
40,Kamineni Blood Bank (Kamineni Hospitals),"C/O, Kamineni Hospitals, Door No 4/1/1227, King Koti, Hyderabad - 500001 (Behind Taj Mahal Hotel)

",Koti,B+,30,9874232944
40,Kamineni Blood Bank (Kamineni Hospitals),"C/O, Kamineni Hospitals, Door No 4/1/1227, King Koti, Hyderabad - 500001 (Behind Taj Mahal Hotel)

",Koti,B-,13,9874232944
40,Kamineni Blood Bank (Kamineni Hospitals),"C/O, Kamineni Hospitals, Door No 4/1/1227, King Koti, Hyderabad - 500001 (Behind Taj Mahal Hotel)

",Koti,O+,20,9874232944
40,Kamineni Blood Bank (Kamineni Hospitals),"C/O, Kamineni Hospitals, Door No 4/1/1227, King Koti, Hyderabad - 500001 (Behind Taj Mahal Hotel)

",Koti,O-,35,9874232944
40,Kamineni Blood Bank (Kamineni Hospitals),"C/O, Kamineni Hospitals, Door No 4/1/1227, King Koti, Hyderabad - 500001 (Behind Taj Mahal Hotel)

",Koti,AB+,13,9874232944
40,Kamineni Blood Bank (Kamineni Hospitals),"C/O, Kamineni Hospitals, Door No 4/1/1227, King Koti, Hyderabad - 500001 (Behind Taj Mahal Hotel)

",Koti,AB-,35,9874232944
41,Aditya Blood Bank,"Door No 4-3-154/3, Main Road, Abids, Hyderabad - 500001 (Beside Pragati College, Near Hanuman Vayamshala)

",Abids,A+,27,9786645345
41,Aditya Blood Bank,"Door No 4-3-154/3, Main Road, Abids, Hyderabad - 500001 (Beside Pragati College, Near Hanuman Vayamshala)

",Abids,A-,36,9786645345
41,Aditya Blood Bank,"Door No 4-3-154/3, Main Road, Abids, Hyderabad - 500001 (Beside Pragati College, Near Hanuman Vayamshala)

",Abids,B+,31,9786645345
41,Aditya Blood Bank,"Door No 4-3-154/3, Main Road, Abids, Hyderabad - 500001 (Beside Pragati College, Near Hanuman Vayamshala)

",Abids,B-,12,9786645345
41,Aditya Blood Bank,"Door No 4-3-154/3, Main Road, Abids, Hyderabad - 500001 (Beside Pragati College, Near Hanuman Vayamshala)

",Abids,O+,15,9786645345
41,Aditya Blood Bank,"Door No 4-3-154/3, Main Road, Abids, Hyderabad - 500001 (Beside Pragati College, Near Hanuman Vayamshala)

",Abids,O-,14,9786645345
41,Aditya Blood Bank,"Door No 4-3-154/3, Main Road, Abids, Hyderabad - 500001 (Beside Pragati College, Near Hanuman Vayamshala)

",Abids,AB+,8,9786645345
41,Aditya Blood Bank,"Door No 4-3-154/3, Main Road, Abids, Hyderabad - 500001 (Beside Pragati College, Near Hanuman Vayamshala)

",Abids,AB-,25,9786645345
42,Ymca Blood Bank,"Institute Of Preventive Medicine, Narayanguda, Hyderabad - 500029 (Near Narayanguda Police Station)

",Narayanguda,A+,21,8997767865
42,Ymca Blood Bank,"Institute Of Preventive Medicine, Narayanguda, Hyderabad - 500029 (Near Narayanguda Police Station)

",Narayanguda,A-,39,8997767865
42,Ymca Blood Bank,"Institute Of Preventive Medicine, Narayanguda, Hyderabad - 500029 (Near Narayanguda Police Station)

",Narayanguda,B+,10,8997767865
42,Ymca Blood Bank,"Institute Of Preventive Medicine, Narayanguda, Hyderabad - 500029 (Near Narayanguda Police Station)

",Narayanguda,B-,23,8997767865
42,Ymca Blood Bank,"Institute Of Preventive Medicine, Narayanguda, Hyderabad - 500029 (Near Narayanguda Police Station)

",Narayanguda,O+,12,8997767865
42,Ymca Blood Bank,"Institute Of Preventive Medicine, Narayanguda, Hyderabad - 500029 (Near Narayanguda Police Station)

",Narayanguda,O-,23,8997767865
42,Ymca Blood Bank,"Institute Of Preventive Medicine, Narayanguda, Hyderabad - 500029 (Near Narayanguda Police Station)

",Narayanguda,AB+,18,8997767865
42,Ymca Blood Bank,"Institute Of Preventive Medicine, Narayanguda, Hyderabad - 500029 (Near Narayanguda Police Station)

",Narayanguda,AB-,30,8997767865
43,Narayanguda Blood Bank,"Institute Of Preventive Medicine, Narayanguda, Hyderabad - 500029

",Narayanguda,A+,29,9845332576
43,Narayanguda Blood Bank,"Institute Of Preventive Medicine, Narayanguda, Hyderabad - 500029

",Narayanguda,A-,16,9845332576
43,Narayanguda Blood Bank,"Institute Of Preventive Medicine, Narayanguda, Hyderabad - 500029

",Narayanguda,B+,40,9845332576
43,Narayanguda Blood Bank,"Institute Of Preventive Medicine, Narayanguda, Hyderabad - 500029

",Narayanguda,B-,32,9845332576
43,Narayanguda Blood Bank,"Institute Of Preventive Medicine, Narayanguda, Hyderabad - 500029

",Narayanguda,O+,14,9845332576
43,Narayanguda Blood Bank,"Institute Of Preventive Medicine, Narayanguda, Hyderabad - 500029

",Narayanguda,O-,14,9845332576
43,Narayanguda Blood Bank,"Institute Of Preventive Medicine, Narayanguda, Hyderabad - 500029

",Narayanguda,AB+,25,9845332576
43,Narayanguda Blood Bank,"Institute Of Preventive Medicine, Narayanguda, Hyderabad - 500029

",Narayanguda,AB-,9,9845332576
44,Central Blood Bank,"Narayanguda, Hyderabad - 500029 (Near YMCA Blood Bank)

",Narayanguda,A+,36,8977563465
44,Central Blood Bank,"Narayanguda, Hyderabad - 500029 (Near YMCA Blood Bank)

",Narayanguda,A-,8,8977563465
44,Central Blood Bank,"Narayanguda, Hyderabad - 500029 (Near YMCA Blood Bank)

",Narayanguda,B+,29,8977563465
44,Central Blood Bank,"Narayanguda, Hyderabad - 500029 (Near YMCA Blood Bank)

",Narayanguda,B-,31,8977563465
44,Central Blood Bank,"Narayanguda, Hyderabad - 500029 (Near YMCA Blood Bank)

",Narayanguda,O+,9,8977563465
44,Central Blood Bank,"Narayanguda, Hyderabad - 500029 (Near YMCA Blood Bank)

",Narayanguda,O-,25,8977563465
44,Central Blood Bank,"Narayanguda, Hyderabad - 500029 (Near YMCA Blood Bank)

",Narayanguda,AB+,12,8977563465
44,Central Blood Bank,"Narayanguda, Hyderabad - 500029 (Near YMCA Blood Bank)

",Narayanguda,AB-,26,8977563465
45,Slms Blood Bank,"Plot No 21 Fifth Floor, Nagole to Kothapet Road, Nagole, Hyderabad - 500068 (Opposite Allahabad Bank)

",Nagole,A+,40,9967543234
45,Slms Blood Bank,"Plot No 21 Fifth Floor, Nagole to Kothapet Road, Nagole, Hyderabad - 500068 (Opposite Allahabad Bank)

",Nagole,A-,8,9967543234
45,Slms Blood Bank,"Plot No 21 Fifth Floor, Nagole to Kothapet Road, Nagole, Hyderabad - 500068 (Opposite Allahabad Bank)

",Nagole,B+,8,9967543234
45,Slms Blood Bank,"Plot No 21 Fifth Floor, Nagole to Kothapet Road, Nagole, Hyderabad - 500068 (Opposite Allahabad Bank)

",Nagole,B-,28,9967543234
45,Slms Blood Bank,"Plot No 21 Fifth Floor, Nagole to Kothapet Road, Nagole, Hyderabad - 500068 (Opposite Allahabad Bank)

",Nagole,O+,39,9967543234
45,Slms Blood Bank,"Plot No 21 Fifth Floor, Nagole to Kothapet Road, Nagole, Hyderabad - 500068 (Opposite Allahabad Bank)

",Nagole,O-,35,9967543234
45,Slms Blood Bank,"Plot No 21 Fifth Floor, Nagole to Kothapet Road, Nagole, Hyderabad - 500068 (Opposite Allahabad Bank)

",Nagole,AB+,19,9967543234
45,Slms Blood Bank,"Plot No 21 Fifth Floor, Nagole to Kothapet Road, Nagole, Hyderabad - 500068 (Opposite Allahabad Bank)

",Nagole,AB-,28,9967543234
46,Asian Blood Bank,"Plot No 2, Shanthi Surabhi Complex, Main Road, As Rao Nagar, Hyderabad - 500062 (Opposite Railway Reservation Counter)

",A S RaoNagar ,A+,27,8967453431
46,Asian Blood Bank,"Plot No 2, Shanthi Surabhi Complex, Main Road, As Rao Nagar, Hyderabad - 500062 (Opposite Railway Reservation Counter)

",A S RaoNagar ,A-,14,8967453431
46,Asian Blood Bank,"Plot No 2, Shanthi Surabhi Complex, Main Road, As Rao Nagar, Hyderabad - 500062 (Opposite Railway Reservation Counter)

",A S RaoNagar ,B+,40,8967453431
46,Asian Blood Bank,"Plot No 2, Shanthi Surabhi Complex, Main Road, As Rao Nagar, Hyderabad - 500062 (Opposite Railway Reservation Counter)

",A S RaoNagar ,B-,23,8967453431
46,Asian Blood Bank,"Plot No 2, Shanthi Surabhi Complex, Main Road, As Rao Nagar, Hyderabad - 500062 (Opposite Railway Reservation Counter)

",A S RaoNagar ,O+,13,8967453431
46,Asian Blood Bank,"Plot No 2, Shanthi Surabhi Complex, Main Road, As Rao Nagar, Hyderabad - 500062 (Opposite Railway Reservation Counter)

",A S RaoNagar ,O-,20,8967453431
46,Asian Blood Bank,"Plot No 2, Shanthi Surabhi Complex, Main Road, As Rao Nagar, Hyderabad - 500062 (Opposite Railway Reservation Counter)

",A S RaoNagar ,AB+,20,8967453431
46,Asian Blood Bank,"Plot No 2, Shanthi Surabhi Complex, Main Road, As Rao Nagar, Hyderabad - 500062 (Opposite Railway Reservation Counter)

",A S RaoNagar ,AB-,17,8967453431
47,Poulomi Blood Bank,"Plot No A-2 & B-17, As Rao Nagar, Hyderabad - 500062

",A S RaoNagar ,A+,13,7789876567
47,Poulomi Blood Bank,"Plot No A-2 & B-17, As Rao Nagar, Hyderabad - 500062

",A S RaoNagar ,A-,39,7789876567
47,Poulomi Blood Bank,"Plot No A-2 & B-17, As Rao Nagar, Hyderabad - 500062

",A S RaoNagar ,B+,17,7789876567
47,Poulomi Blood Bank,"Plot No A-2 & B-17, As Rao Nagar, Hyderabad - 500062

",A S RaoNagar ,B-,11,7789876567
47,Poulomi Blood Bank,"Plot No A-2 & B-17, As Rao Nagar, Hyderabad - 500062

",A S RaoNagar ,O+,9,7789876567
47,Poulomi Blood Bank,"Plot No A-2 & B-17, As Rao Nagar, Hyderabad - 500062

",A S RaoNagar ,O-,38,7789876567
47,Poulomi Blood Bank,"Plot No A-2 & B-17, As Rao Nagar, Hyderabad - 500062

",A S RaoNagar ,AB+,28,7789876567
47,Poulomi Blood Bank,"Plot No A-2 & B-17, As Rao Nagar, Hyderabad - 500062

",A S RaoNagar ,AB-,21,7789876567
48,Akshaya Blood Centre,"House No 1-19-71/4, As Rao Nagar, Hyderabad - 500062 (Backside Anutex Garments,Rukminipuri Colony)

",A S RaoNagar ,A+,29,9878667543
48,Akshaya Blood Centre,"House No 1-19-71/4, As Rao Nagar, Hyderabad - 500062 (Backside Anutex Garments,Rukminipuri Colony)

",A S RaoNagar ,A-,14,9878667543
48,Akshaya Blood Centre,"House No 1-19-71/4, As Rao Nagar, Hyderabad - 500062 (Backside Anutex Garments,Rukminipuri Colony)

",A S RaoNagar ,B+,34,9878667543
48,Akshaya Blood Centre,"House No 1-19-71/4, As Rao Nagar, Hyderabad - 500062 (Backside Anutex Garments,Rukminipuri Colony)

",A S RaoNagar ,B-,26,9878667543
48,Akshaya Blood Centre,"House No 1-19-71/4, As Rao Nagar, Hyderabad - 500062 (Backside Anutex Garments,Rukminipuri Colony)

",A S RaoNagar ,O+,15,9878667543
48,Akshaya Blood Centre,"House No 1-19-71/4, As Rao Nagar, Hyderabad - 500062 (Backside Anutex Garments,Rukminipuri Colony)

",A S RaoNagar ,O-,31,9878667543
48,Akshaya Blood Centre,"House No 1-19-71/4, As Rao Nagar, Hyderabad - 500062 (Backside Anutex Garments,Rukminipuri Colony)

",A S RaoNagar ,AB+,9,9878667543
48,Akshaya Blood Centre,"House No 1-19-71/4, As Rao Nagar, Hyderabad - 500062 (Backside Anutex Garments,Rukminipuri Colony)

",A S RaoNagar ,AB-,16,9878667543
49,Mythri Charitable Trust Blood Bank,"Shop No 3-4-808, 1st Floor, Kachi Guda Main Road, Kachiguda, Hyderabad - 500027 (Beside Cc Sheroff Hosptial)

",Kachiguda,A+,10,9878667543
49,Mythri Charitable Trust Blood Bank,"Shop No 3-4-808, 1st Floor, Kachi Guda Main Road, Kachiguda, Hyderabad - 500027 (Beside Cc Sheroff Hosptial)

",Kachiguda,A-,38,9878667543
49,Mythri Charitable Trust Blood Bank,"Shop No 3-4-808, 1st Floor, Kachi Guda Main Road, Kachiguda, Hyderabad - 500027 (Beside Cc Sheroff Hosptial)

",Kachiguda,B+,8,9878667543
49,Mythri Charitable Trust Blood Bank,"Shop No 3-4-808, 1st Floor, Kachi Guda Main Road, Kachiguda, Hyderabad - 500027 (Beside Cc Sheroff Hosptial)

",Kachiguda,B-,11,9878667543
49,Mythri Charitable Trust Blood Bank,"Shop No 3-4-808, 1st Floor, Kachi Guda Main Road, Kachiguda, Hyderabad - 500027 (Beside Cc Sheroff Hosptial)

",Kachiguda,O+,20,9878667543
49,Mythri Charitable Trust Blood Bank,"Shop No 3-4-808, 1st Floor, Kachi Guda Main Road, Kachiguda, Hyderabad - 500027 (Beside Cc Sheroff Hosptial)

",Kachiguda,O-,11,9878667543
49,Mythri Charitable Trust Blood Bank,"Shop No 3-4-808, 1st Floor, Kachi Guda Main Road, Kachiguda, Hyderabad - 500027 (Beside Cc Sheroff Hosptial)

",Kachiguda,AB+,11,9878667543
49,Mythri Charitable Trust Blood Bank,"Shop No 3-4-808, 1st Floor, Kachi Guda Main Road, Kachiguda, Hyderabad - 500027 (Beside Cc Sheroff Hosptial)

",Kachiguda,AB-,16,9878667543
50,Noorani Enterprises,"3-3-146, Kachiguda, Hyderabad - 500027 (Hyderabad)

",Kachiguda,A+,23,8656443456
50,Noorani Enterprises,"3-3-146, Kachiguda, Hyderabad - 500027 (Hyderabad)

",Kachiguda,A-,32,8656443456
50,Noorani Enterprises,"3-3-146, Kachiguda, Hyderabad - 500027 (Hyderabad)

",Kachiguda,B+,36,8656443456
50,Noorani Enterprises,"3-3-146, Kachiguda, Hyderabad - 500027 (Hyderabad)

",Kachiguda,B-,37,8656443456
50,Noorani Enterprises,"3-3-146, Kachiguda, Hyderabad - 500027 (Hyderabad)

",Kachiguda,O+,39,8656443456
50,Noorani Enterprises,"3-3-146, Kachiguda, Hyderabad - 500027 (Hyderabad)

",Kachiguda,O-,24,8656443456
50,Noorani Enterprises,"3-3-146, Kachiguda, Hyderabad - 500027 (Hyderabad)

",Kachiguda,AB+,25,8656443456
50,Noorani Enterprises,"3-3-146, Kachiguda, Hyderabad - 500027 (Hyderabad)

",Kachiguda,AB-,40,8656443456
51,Puri Blood Bank,"Blood Bank, Lingampally, Narayanguda Road, Kachiguda, Hyderabad - 500027

",Kachiguda,A+,10,8675567654
51,Puri Blood Bank,"Blood Bank, Lingampally, Narayanguda Road, Kachiguda, Hyderabad - 500027

",Kachiguda,A-,25,8675567654
51,Puri Blood Bank,"Blood Bank, Lingampally, Narayanguda Road, Kachiguda, Hyderabad - 500027

",Kachiguda,B+,33,8675567654
51,Puri Blood Bank,"Blood Bank, Lingampally, Narayanguda Road, Kachiguda, Hyderabad - 500027

",Kachiguda,B-,11,8675567654
51,Puri Blood Bank,"Blood Bank, Lingampally, Narayanguda Road, Kachiguda, Hyderabad - 500027

",Kachiguda,O+,24,8675567654
51,Puri Blood Bank,"Blood Bank, Lingampally, Narayanguda Road, Kachiguda, Hyderabad - 500027

",Kachiguda,O-,29,8675567654
51,Puri Blood Bank,"Blood Bank, Lingampally, Narayanguda Road, Kachiguda, Hyderabad - 500027

",Kachiguda,AB+,15,8675567654
51,Puri Blood Bank,"Blood Bank, Lingampally, Narayanguda Road, Kachiguda, Hyderabad - 500027

",Kachiguda,AB-,49,8675567654
52,Srikara Hospital Blood Bank,"Ground Floor, Ganesh Enclave, Manikonda Road, Manikonda, Hyderabad - 500089 (Near Sampoorna Supermarket)

",Manikonda,A+,6,9778564456
52,Srikara Hospital Blood Bank,"Ground Floor, Ganesh Enclave, Manikonda Road, Manikonda, Hyderabad - 500089 (Near Sampoorna Supermarket)

",Manikonda,A-,32,9778564456
52,Srikara Hospital Blood Bank,"Ground Floor, Ganesh Enclave, Manikonda Road, Manikonda, Hyderabad - 500089 (Near Sampoorna Supermarket)

",Manikonda,B+,26,9778564456
52,Srikara Hospital Blood Bank,"Ground Floor, Ganesh Enclave, Manikonda Road, Manikonda, Hyderabad - 500089 (Near Sampoorna Supermarket)

",Manikonda,B-,8,9778564456
52,Srikara Hospital Blood Bank,"Ground Floor, Ganesh Enclave, Manikonda Road, Manikonda, Hyderabad - 500089 (Near Sampoorna Supermarket)

",Manikonda,O+,20,9778564456
52,Srikara Hospital Blood Bank,"Ground Floor, Ganesh Enclave, Manikonda Road, Manikonda, Hyderabad - 500089 (Near Sampoorna Supermarket)

",Manikonda,O-,47,9778564456
52,Srikara Hospital Blood Bank,"Ground Floor, Ganesh Enclave, Manikonda Road, Manikonda, Hyderabad - 500089 (Near Sampoorna Supermarket)

",Manikonda,AB+,18,9778564456
52,Srikara Hospital Blood Bank,"Ground Floor, Ganesh Enclave, Manikonda Road, Manikonda, Hyderabad - 500089 (Near Sampoorna Supermarket)

",Manikonda,AB-,22,9778564456
53,Blood Cross Society,"Door No 5-2-340 Plot No - 19, Gayatri Nagar Bank Colony, Vanasthalipuram, Hyderabad - 500070 (Blood Cross Society)

",Vanasthalipuram,A+,16,9866295621
53,Blood Cross Society,"Door No 5-2-340 Plot No - 19, Gayatri Nagar Bank Colony, Vanasthalipuram, Hyderabad - 500070 (Blood Cross Society)

",Vanasthalipuram,A-,5,9866295621
53,Blood Cross Society,"Door No 5-2-340 Plot No - 19, Gayatri Nagar Bank Colony, Vanasthalipuram, Hyderabad - 500070 (Blood Cross Society)

",Vanasthalipuram,B+,20,9866295621
53,Blood Cross Society,"Door No 5-2-340 Plot No - 19, Gayatri Nagar Bank Colony, Vanasthalipuram, Hyderabad - 500070 (Blood Cross Society)

",Vanasthalipuram,B-,30,9866295621
53,Blood Cross Society,"Door No 5-2-340 Plot No - 19, Gayatri Nagar Bank Colony, Vanasthalipuram, Hyderabad - 500070 (Blood Cross Society)

",Vanasthalipuram,O+,50,9866295621
53,Blood Cross Society,"Door No 5-2-340 Plot No - 19, Gayatri Nagar Bank Colony, Vanasthalipuram, Hyderabad - 500070 (Blood Cross Society)

",Vanasthalipuram,O-,35,9866295621
53,Blood Cross Society,"Door No 5-2-340 Plot No - 19, Gayatri Nagar Bank Colony, Vanasthalipuram, Hyderabad - 500070 (Blood Cross Society)

",Vanasthalipuram,AB+,7,9866295621
53,Blood Cross Society,"Door No 5-2-340 Plot No - 19, Gayatri Nagar Bank Colony, Vanasthalipuram, Hyderabad - 500070 (Blood Cross Society)

",Vanasthalipuram,AB-,42,9866295621
54,Nims Blood Bank,"C/o Nims Hospital, Punjagutta, Hyderabad - 500082 (Opposite Urvasi Restaurant)

",Punjagutta,A+,20,8977675576
54,Nims Blood Bank,"C/o Nims Hospital, Punjagutta, Hyderabad - 500082 (Opposite Urvasi Restaurant)

",Punjagutta,A-,12,8977675576
54,Nims Blood Bank,"C/o Nims Hospital, Punjagutta, Hyderabad - 500082 (Opposite Urvasi Restaurant)

",Punjagutta,B+,6,8977675576
54,Nims Blood Bank,"C/o Nims Hospital, Punjagutta, Hyderabad - 500082 (Opposite Urvasi Restaurant)

",Punjagutta,B-,23,8977675576
54,Nims Blood Bank,"C/o Nims Hospital, Punjagutta, Hyderabad - 500082 (Opposite Urvasi Restaurant)

",Punjagutta,O+,6,8977675576
54,Nims Blood Bank,"C/o Nims Hospital, Punjagutta, Hyderabad - 500082 (Opposite Urvasi Restaurant)

",Punjagutta,O-,16,8977675576
54,Nims Blood Bank,"C/o Nims Hospital, Punjagutta, Hyderabad - 500082 (Opposite Urvasi Restaurant)

",Punjagutta,AB+,37,8977675576
54,Nims Blood Bank,"C/o Nims Hospital, Punjagutta, Hyderabad - 500082 (Opposite Urvasi Restaurant)

",Punjagutta,AB-,43,8977675576
55,Gandhi Hospital Blood Bank,"Main Road, Musheerabad, Hyderabad - 500020

",Musheerabad,A+,27,9789675564
55,Gandhi Hospital Blood Bank,"Main Road, Musheerabad, Hyderabad - 500020

",Musheerabad,A-,12,9789675564
55,Gandhi Hospital Blood Bank,"Main Road, Musheerabad, Hyderabad - 500020

",Musheerabad,B+,12,9789675564
55,Gandhi Hospital Blood Bank,"Main Road, Musheerabad, Hyderabad - 500020

",Musheerabad,B-,31,9789675564
55,Gandhi Hospital Blood Bank,"Main Road, Musheerabad, Hyderabad - 500020

",Musheerabad,O+,31,9789675564
55,Gandhi Hospital Blood Bank,"Main Road, Musheerabad, Hyderabad - 500020

",Musheerabad,O-,31,9789675564
55,Gandhi Hospital Blood Bank,"Main Road, Musheerabad, Hyderabad - 500020

",Musheerabad,AB+,40,9789675564
55,Gandhi Hospital Blood Bank,"Main Road, Musheerabad, Hyderabad - 500020

",Musheerabad,AB-,25,9789675564
56,Musheerabad Blood Bank,"1-6-1056/1, Musheerabad, Hyderabad - 500020 (Opp Water Tank)

",Musheerabad,A+,24,8099786678
56,Musheerabad Blood Bank,"1-6-1056/1, Musheerabad, Hyderabad - 500020 (Opp Water Tank)

",Musheerabad,A-,48,8099786678
56,Musheerabad Blood Bank,"1-6-1056/1, Musheerabad, Hyderabad - 500020 (Opp Water Tank)

",Musheerabad,B+,17,8099786678
56,Musheerabad Blood Bank,"1-6-1056/1, Musheerabad, Hyderabad - 500020 (Opp Water Tank)

",Musheerabad,B-,44,8099786678
56,Musheerabad Blood Bank,"1-6-1056/1, Musheerabad, Hyderabad - 500020 (Opp Water Tank)

",Musheerabad,O+,13,8099786678
56,Musheerabad Blood Bank,"1-6-1056/1, Musheerabad, Hyderabad - 500020 (Opp Water Tank)

",Musheerabad,O-,39,8099786678
56,Musheerabad Blood Bank,"1-6-1056/1, Musheerabad, Hyderabad - 500020 (Opp Water Tank)

",Musheerabad,AB+,49,8099786678
56,Musheerabad Blood Bank,"1-6-1056/1, Musheerabad, Hyderabad - 500020 (Opp Water Tank)

",Musheerabad,AB-,11,8099786678
57,Rakshitha Voluntary Blood Bank,"Door No 5-1-931, 1st Floor, Putli Bowli, Hyderabad - 500001 (Opposite Pattar Ki Masjid)

",Putli Bowli,A+,35,9866754533
57,Rakshitha Voluntary Blood Bank,"Door No 5-1-931, 1st Floor, Putli Bowli, Hyderabad - 500001 (Opposite Pattar Ki Masjid)

",Putli Bowli,A-,5,9866754533
57,Rakshitha Voluntary Blood Bank,"Door No 5-1-931, 1st Floor, Putli Bowli, Hyderabad - 500001 (Opposite Pattar Ki Masjid)

",Putli Bowli,B+,10,9866754533
57,Rakshitha Voluntary Blood Bank,"Door No 5-1-931, 1st Floor, Putli Bowli, Hyderabad - 500001 (Opposite Pattar Ki Masjid)

",Putli Bowli,B-,32,9866754533
57,Rakshitha Voluntary Blood Bank,"Door No 5-1-931, 1st Floor, Putli Bowli, Hyderabad - 500001 (Opposite Pattar Ki Masjid)

",Putli Bowli,O+,17,9866754533
57,Rakshitha Voluntary Blood Bank,"Door No 5-1-931, 1st Floor, Putli Bowli, Hyderabad - 500001 (Opposite Pattar Ki Masjid)

",Putli Bowli,O-,37,9866754533
57,Rakshitha Voluntary Blood Bank,"Door No 5-1-931, 1st Floor, Putli Bowli, Hyderabad - 500001 (Opposite Pattar Ki Masjid)

",Putli Bowli,AB+,16,9866754533
57,Rakshitha Voluntary Blood Bank,"Door No 5-1-931, 1st Floor, Putli Bowli, Hyderabad - 500001 (Opposite Pattar Ki Masjid)

",Putli Bowli,AB-,32,9866754533
58,MM Voluntery Blood Bank,"4-194/4, Main Road, Bala Nagar, Hyderabad - 500037 (Beside Bbr Hospital)

",Bala Nagar,A+,5,8977976676
58,MM Voluntery Blood Bank,"4-194/4, Main Road, Bala Nagar, Hyderabad - 500037 (Beside Bbr Hospital)

",Bala Nagar,A-,8,8977976676
58,MM Voluntery Blood Bank,"4-194/4, Main Road, Bala Nagar, Hyderabad - 500037 (Beside Bbr Hospital)

",Bala Nagar,B+,33,8977976676
58,MM Voluntery Blood Bank,"4-194/4, Main Road, Bala Nagar, Hyderabad - 500037 (Beside Bbr Hospital)

",Bala Nagar,B-,21,8977976676
58,MM Voluntery Blood Bank,"4-194/4, Main Road, Bala Nagar, Hyderabad - 500037 (Beside Bbr Hospital)

",Bala Nagar,O+,29,8977976676
58,MM Voluntery Blood Bank,"4-194/4, Main Road, Bala Nagar, Hyderabad - 500037 (Beside Bbr Hospital)

",Bala Nagar,O-,44,8977976676
58,MM Voluntery Blood Bank,"4-194/4, Main Road, Bala Nagar, Hyderabad - 500037 (Beside Bbr Hospital)

",Bala Nagar,AB+,5,8977976676
58,MM Voluntery Blood Bank,"4-194/4, Main Road, Bala Nagar, Hyderabad - 500037 (Beside Bbr Hospital)

",Bala Nagar,AB-,9,8977976676
59,Bbr Blood Bank,"House No 7-4-194 /, Ferozguda, Bala Nagar, Hyderabad - 500037 (Near BHEL Rld)

",Bala Nagar,A+,32,9089776755
59,Bbr Blood Bank,"House No 7-4-194 /, Ferozguda, Bala Nagar, Hyderabad - 500037 (Near BHEL Rld)

",Bala Nagar,A-,47,9089776755
59,Bbr Blood Bank,"House No 7-4-194 /, Ferozguda, Bala Nagar, Hyderabad - 500037 (Near BHEL Rld)

",Bala Nagar,B+,34,9089776755
59,Bbr Blood Bank,"House No 7-4-194 /, Ferozguda, Bala Nagar, Hyderabad - 500037 (Near BHEL Rld)

",Bala Nagar,B-,22,9089776755
59,Bbr Blood Bank,"House No 7-4-194 /, Ferozguda, Bala Nagar, Hyderabad - 500037 (Near BHEL Rld)

",Bala Nagar,O+,8,9089776755
59,Bbr Blood Bank,"House No 7-4-194 /, Ferozguda, Bala Nagar, Hyderabad - 500037 (Near BHEL Rld)

",Bala Nagar,O-,31,9089776755
59,Bbr Blood Bank,"House No 7-4-194 /, Ferozguda, Bala Nagar, Hyderabad - 500037 (Near BHEL Rld)

",Bala Nagar,AB+,50,9089776755
59,Bbr Blood Bank,"House No 7-4-194 /, Ferozguda, Bala Nagar, Hyderabad - 500037 (Near BHEL Rld)

",Bala Nagar,AB-,8,9089776755
60,Prasad Hospital Blood Bank,"D.no 44-617/12, IDA Nacharam, Nacharam, Hyderabad - 500076 (Beside Telephone Exchange)

",Nacharam,A+,15,8897766766
60,Prasad Hospital Blood Bank,"D.no 44-617/12, IDA Nacharam, Nacharam, Hyderabad - 500076 (Beside Telephone Exchange)

",Nacharam,A-,42,8897766766
60,Prasad Hospital Blood Bank,"D.no 44-617/12, IDA Nacharam, Nacharam, Hyderabad - 500076 (Beside Telephone Exchange)

",Nacharam,B+,45,8897766766
60,Prasad Hospital Blood Bank,"D.no 44-617/12, IDA Nacharam, Nacharam, Hyderabad - 500076 (Beside Telephone Exchange)

",Nacharam,B-,15,8897766766
60,Prasad Hospital Blood Bank,"D.no 44-617/12, IDA Nacharam, Nacharam, Hyderabad - 500076 (Beside Telephone Exchange)

",Nacharam,O+,48,8897766766
60,Prasad Hospital Blood Bank,"D.no 44-617/12, IDA Nacharam, Nacharam, Hyderabad - 500076 (Beside Telephone Exchange)

",Nacharam,O-,12,8897766766
60,Prasad Hospital Blood Bank,"D.no 44-617/12, IDA Nacharam, Nacharam, Hyderabad - 500076 (Beside Telephone Exchange)

",Nacharam,AB+,38,8897766766
60,Prasad Hospital Blood Bank,"D.no 44-617/12, IDA Nacharam, Nacharam, Hyderabad - 500076 (Beside Telephone Exchange)

",Nacharam,AB-,34,8897766766
61,Medwin Blood Bank,"Nampally, Hyderabad - 500001 (Opp Nampally Railway Station)

",Nampally,A+,48,8977675543
61,Medwin Blood Bank,"Nampally, Hyderabad - 500001 (Opp Nampally Railway Station)

",Nampally,A-,19,8977675543
61,Medwin Blood Bank,"Nampally, Hyderabad - 500001 (Opp Nampally Railway Station)

",Nampally,B+,48,8977675543
61,Medwin Blood Bank,"Nampally, Hyderabad - 500001 (Opp Nampally Railway Station)

",Nampally,B-,40,8977675543
61,Medwin Blood Bank,"Nampally, Hyderabad - 500001 (Opp Nampally Railway Station)

",Nampally,O+,34,8977675543
61,Medwin Blood Bank,"Nampally, Hyderabad - 500001 (Opp Nampally Railway Station)

",Nampally,O-,38,8977675543
61,Medwin Blood Bank,"Nampally, Hyderabad - 500001 (Opp Nampally Railway Station)

",Nampally,AB+,45,8977675543
61,Medwin Blood Bank,"Nampally, Hyderabad - 500001 (Opp Nampally Railway Station)

",Nampally,AB-,27,8977675543
62,Medi Care Blood Bank,"Gandhi Bhavan, Quality Care India Ltd.Jnroad, Ghosha Mahal, Nh65, Patel Nagar, North, Nampally, Hyderabad - 500001 (Opposite)

",Nampally,A+,10,7789675432
62,Medi Care Blood Bank,"Gandhi Bhavan, Quality Care India Ltd.Jnroad, Ghosha Mahal, Nh65, Patel Nagar, North, Nampally, Hyderabad - 500001 (Opposite)

",Nampally,A-,21,7789675432
62,Medi Care Blood Bank,"Gandhi Bhavan, Quality Care India Ltd.Jnroad, Ghosha Mahal, Nh65, Patel Nagar, North, Nampally, Hyderabad - 500001 (Opposite)

",Nampally,B+,24,7789675432
62,Medi Care Blood Bank,"Gandhi Bhavan, Quality Care India Ltd.Jnroad, Ghosha Mahal, Nh65, Patel Nagar, North, Nampally, Hyderabad - 500001 (Opposite)

",Nampally,B-,35,7789675432
62,Medi Care Blood Bank,"Gandhi Bhavan, Quality Care India Ltd.Jnroad, Ghosha Mahal, Nh65, Patel Nagar, North, Nampally, Hyderabad - 500001 (Opposite)

",Nampally,O+,5,7789675432
62,Medi Care Blood Bank,"Gandhi Bhavan, Quality Care India Ltd.Jnroad, Ghosha Mahal, Nh65, Patel Nagar, North, Nampally, Hyderabad - 500001 (Opposite)

",Nampally,O-,37,7789675432
62,Medi Care Blood Bank,"Gandhi Bhavan, Quality Care India Ltd.Jnroad, Ghosha Mahal, Nh65, Patel Nagar, North, Nampally, Hyderabad - 500001 (Opposite)

",Nampally,AB+,16,7789675432
62,Medi Care Blood Bank,"Gandhi Bhavan, Quality Care India Ltd.Jnroad, Ghosha Mahal, Nh65, Patel Nagar, North, Nampally, Hyderabad - 500001 (Opposite)

",Nampally,AB-,34,7789675432
63,Aarohi Blood Bank,"Door No 6-2-935/2&6-2-935/2A, Khairatabad, Hyderabad - 500004 (Beside Bpcl Petrol Pump)

",Khairatabad,A+,37,8767545665
63,Aarohi Blood Bank,"Door No 6-2-935/2&6-2-935/2A, Khairatabad, Hyderabad - 500004 (Beside Bpcl Petrol Pump)

",Khairatabad,A-,38,8767545665
63,Aarohi Blood Bank,"Door No 6-2-935/2&6-2-935/2A, Khairatabad, Hyderabad - 500004 (Beside Bpcl Petrol Pump)

",Khairatabad,B+,38,8767545665
63,Aarohi Blood Bank,"Door No 6-2-935/2&6-2-935/2A, Khairatabad, Hyderabad - 500004 (Beside Bpcl Petrol Pump)

",Khairatabad,B-,39,8767545665
63,Aarohi Blood Bank,"Door No 6-2-935/2&6-2-935/2A, Khairatabad, Hyderabad - 500004 (Beside Bpcl Petrol Pump)

",Khairatabad,O+,27,8767545665
63,Aarohi Blood Bank,"Door No 6-2-935/2&6-2-935/2A, Khairatabad, Hyderabad - 500004 (Beside Bpcl Petrol Pump)

",Khairatabad,O-,16,8767545665
63,Aarohi Blood Bank,"Door No 6-2-935/2&6-2-935/2A, Khairatabad, Hyderabad - 500004 (Beside Bpcl Petrol Pump)

",Khairatabad,AB+,34,8767545665
63,Aarohi Blood Bank,"Door No 6-2-935/2&6-2-935/2A, Khairatabad, Hyderabad - 500004 (Beside Bpcl Petrol Pump)

",Khairatabad,AB-,46,8767545665
64,Ram Blood Bank,"57/A, Shapur Nagar, Hyderabad - 500055 (Beside R S Brothers)

",Jeedimetla,A+,29,8788976754
64,Ram Blood Bank,"57/A, Shapur Nagar, Hyderabad - 500055 (Beside R S Brothers)

",Jeedimetla,A-,30,8788976754
64,Ram Blood Bank,"57/A, Shapur Nagar, Hyderabad - 500055 (Beside R S Brothers)

",Jeedimetla,B+,48,8788976754
64,Ram Blood Bank,"57/A, Shapur Nagar, Hyderabad - 500055 (Beside R S Brothers)

",Jeedimetla,B-,35,8788976754
64,Ram Blood Bank,"57/A, Shapur Nagar, Hyderabad - 500055 (Beside R S Brothers)

",Jeedimetla,O+,10,8788976754
64,Ram Blood Bank,"57/A, Shapur Nagar, Hyderabad - 500055 (Beside R S Brothers)

",Jeedimetla,O-,9,8788976754
64,Ram Blood Bank,"57/A, Shapur Nagar, Hyderabad - 500055 (Beside R S Brothers)

",Jeedimetla,AB+,5,8788976754
64,Ram Blood Bank,"57/A, Shapur Nagar, Hyderabad - 500055 (Beside R S Brothers)

",Jeedimetla,AB-,23,8788976754
65,Rudhira Blood Centre,"House No 12-13-197/301 1st Floor Pavani Anusuya Towers, Tarnaka, Hyderabad - 500007 (Opposite Huda Complex)

",Tarnaka,A+,6,7789778654
65,Rudhira Blood Centre,"House No 12-13-197/301 1st Floor Pavani Anusuya Towers, Tarnaka, Hyderabad - 500007 (Opposite Huda Complex)

",Tarnaka,A-,48,7789778654
65,Rudhira Blood Centre,"House No 12-13-197/301 1st Floor Pavani Anusuya Towers, Tarnaka, Hyderabad - 500007 (Opposite Huda Complex)

",Tarnaka,B+,36,7789778654
65,Rudhira Blood Centre,"House No 12-13-197/301 1st Floor Pavani Anusuya Towers, Tarnaka, Hyderabad - 500007 (Opposite Huda Complex)

",Tarnaka,B-,28,7789778654
65,Rudhira Blood Centre,"House No 12-13-197/301 1st Floor Pavani Anusuya Towers, Tarnaka, Hyderabad - 500007 (Opposite Huda Complex)

",Tarnaka,O+,18,7789778654
65,Rudhira Blood Centre,"House No 12-13-197/301 1st Floor Pavani Anusuya Towers, Tarnaka, Hyderabad - 500007 (Opposite Huda Complex)

",Tarnaka,O-,39,7789778654
65,Rudhira Blood Centre,"House No 12-13-197/301 1st Floor Pavani Anusuya Towers, Tarnaka, Hyderabad - 500007 (Opposite Huda Complex)

",Tarnaka,AB+,45,7789778654
65,Rudhira Blood Centre,"House No 12-13-197/301 1st Floor Pavani Anusuya Towers, Tarnaka, Hyderabad - 500007 (Opposite Huda Complex)

",Tarnaka,AB-,36,7789778654
66,Blood Dial,"Door No 14-109, White House, Malkajgiri, Hyderabad - 500047 (Opposite Dargah, Old Mirjalguda)

",Malkajgiri,A+,20,8966765644
66,Blood Dial,"Door No 14-109, White House, Malkajgiri, Hyderabad - 500047 (Opposite Dargah, Old Mirjalguda)

",Malkajgiri,A-,31,8966765644
66,Blood Dial,"Door No 14-109, White House, Malkajgiri, Hyderabad - 500047 (Opposite Dargah, Old Mirjalguda)

",Malkajgiri,B+,28,8966765644
66,Blood Dial,"Door No 14-109, White House, Malkajgiri, Hyderabad - 500047 (Opposite Dargah, Old Mirjalguda)

",Malkajgiri,B-,38,8966765644
66,Blood Dial,"Door No 14-109, White House, Malkajgiri, Hyderabad - 500047 (Opposite Dargah, Old Mirjalguda)

",Malkajgiri,O+,14,8966765644
66,Blood Dial,"Door No 14-109, White House, Malkajgiri, Hyderabad - 500047 (Opposite Dargah, Old Mirjalguda)

",Malkajgiri,O-,13,8966765644
66,Blood Dial,"Door No 14-109, White House, Malkajgiri, Hyderabad - 500047 (Opposite Dargah, Old Mirjalguda)

",Malkajgiri,AB+,29,8966765644
66,Blood Dial,"Door No 14-109, White House, Malkajgiri, Hyderabad - 500047 (Opposite Dargah, Old Mirjalguda)

",Malkajgiri,AB-,43,8966765644
67,Himabindu Blood Bank,"Santosh Nagar, Hyderabad - 500059 (Near Big Bazar)

",Santosh Nagar,A+,35,9888987866
67,Himabindu Blood Bank,"Santosh Nagar, Hyderabad - 500059 (Near Big Bazar)

",Santosh Nagar,A-,21,9888987866
67,Himabindu Blood Bank,"Santosh Nagar, Hyderabad - 500059 (Near Big Bazar)

",Santosh Nagar,B+,5,9888987866
67,Himabindu Blood Bank,"Santosh Nagar, Hyderabad - 500059 (Near Big Bazar)

",Santosh Nagar,B-,46,9888987866
67,Himabindu Blood Bank,"Santosh Nagar, Hyderabad - 500059 (Near Big Bazar)

",Santosh Nagar,O+,40,9888987866
67,Himabindu Blood Bank,"Santosh Nagar, Hyderabad - 500059 (Near Big Bazar)

",Santosh Nagar,O-,6,9888987866
67,Himabindu Blood Bank,"Santosh Nagar, Hyderabad - 500059 (Near Big Bazar)

",Santosh Nagar,AB+,20,9888987866
67,Himabindu Blood Bank,"Santosh Nagar, Hyderabad - 500059 (Near Big Bazar)

",Santosh Nagar,AB-,36,9888987866
68,New Life Society Blood Bank,"Door No 22/11038, 1st Floor, Chaderghat, Hyderabad - 500024 (Near Adhd Ali Khan Eye Hospitals)

",Chaderghat,A+,10,7899675545
68,New Life Society Blood Bank,"Door No 22/11038, 1st Floor, Chaderghat, Hyderabad - 500024 (Near Adhd Ali Khan Eye Hospitals)

",Chaderghat,A-,11,7899675545
68,New Life Society Blood Bank,"Door No 22/11038, 1st Floor, Chaderghat, Hyderabad - 500024 (Near Adhd Ali Khan Eye Hospitals)

",Chaderghat,B+,25,7899675545
68,New Life Society Blood Bank,"Door No 22/11038, 1st Floor, Chaderghat, Hyderabad - 500024 (Near Adhd Ali Khan Eye Hospitals)

",Chaderghat,B-,32,7899675545
68,New Life Society Blood Bank,"Door No 22/11038, 1st Floor, Chaderghat, Hyderabad - 500024 (Near Adhd Ali Khan Eye Hospitals)

",Chaderghat,O+,5,7899675545
68,New Life Society Blood Bank,"Door No 22/11038, 1st Floor, Chaderghat, Hyderabad - 500024 (Near Adhd Ali Khan Eye Hospitals)

",Chaderghat,O-,23,7899675545
68,New Life Society Blood Bank,"Door No 22/11038, 1st Floor, Chaderghat, Hyderabad - 500024 (Near Adhd Ali Khan Eye Hospitals)

",Chaderghat,AB+,44,7899675545
68,New Life Society Blood Bank,"Door No 22/11038, 1st Floor, Chaderghat, Hyderabad - 500024 (Near Adhd Ali Khan Eye Hospitals)

",Chaderghat,AB-,47,7899675545
69,Janani Voluntary Blood Bank,"Plot No 7, 1st Floor, Prabha Arcade, Old Bowenpally-bowenpally, Hyderabad - 500011 (Near Survey No 132,Opposite Sarojini Pulla Reddy House,Ganesh Nagar Colony ,Sanjeevayya Nagar)

",Bowenpally,A+,20,8366476352
69,Janani Voluntary Blood Bank,"Plot No 7, 1st Floor, Prabha Arcade, Old Bowenpally-bowenpally, Hyderabad - 500011 (Near Survey No 132,Opposite Sarojini Pulla Reddy House,Ganesh Nagar Colony ,Sanjeevayya Nagar)

",Bowenpally,A-,6,8366476352
69,Janani Voluntary Blood Bank,"Plot No 7, 1st Floor, Prabha Arcade, Old Bowenpally-bowenpally, Hyderabad - 500011 (Near Survey No 132,Opposite Sarojini Pulla Reddy House,Ganesh Nagar Colony ,Sanjeevayya Nagar)

",Bowenpally,B+,6,8366476352
69,Janani Voluntary Blood Bank,"Plot No 7, 1st Floor, Prabha Arcade, Old Bowenpally-bowenpally, Hyderabad - 500011 (Near Survey No 132,Opposite Sarojini Pulla Reddy House,Ganesh Nagar Colony ,Sanjeevayya Nagar)

",Bowenpally,B-,28,8366476352
69,Janani Voluntary Blood Bank,"Plot No 7, 1st Floor, Prabha Arcade, Old Bowenpally-bowenpally, Hyderabad - 500011 (Near Survey No 132,Opposite Sarojini Pulla Reddy House,Ganesh Nagar Colony ,Sanjeevayya Nagar)

",Bowenpally,O+,48,8366476352
69,Janani Voluntary Blood Bank,"Plot No 7, 1st Floor, Prabha Arcade, Old Bowenpally-bowenpally, Hyderabad - 500011 (Near Survey No 132,Opposite Sarojini Pulla Reddy House,Ganesh Nagar Colony ,Sanjeevayya Nagar)

",Bowenpally,O-,30,8366476352
69,Janani Voluntary Blood Bank,"Plot No 7, 1st Floor, Prabha Arcade, Old Bowenpally-bowenpally, Hyderabad - 500011 (Near Survey No 132,Opposite Sarojini Pulla Reddy House,Ganesh Nagar Colony ,Sanjeevayya Nagar)

",Bowenpally,AB+,17,8366476352
69,Janani Voluntary Blood Bank,"Plot No 7, 1st Floor, Prabha Arcade, Old Bowenpally-bowenpally, Hyderabad - 500011 (Near Survey No 132,Opposite Sarojini Pulla Reddy House,Ganesh Nagar Colony ,Sanjeevayya Nagar)

",Bowenpally,AB-,6,8366476352
70,Chiranjeevi Eye & Blood Bank Research & Developmen,"Door No 8-2-293/82/A/C E B B, Road No 1, Jubilee Hills, Hyderabad - 500033 (Near Jubilee Hills Check Post)

",Jubilee Hills,A+,31,8767664532
70,Chiranjeevi Eye & Blood Bank Research & Developmen,"Door No 8-2-293/82/A/C E B B, Road No 1, Jubilee Hills, Hyderabad - 500033 (Near Jubilee Hills Check Post)

",Jubilee Hills,A-,17,8767664532
70,Chiranjeevi Eye & Blood Bank Research & Developmen,"Door No 8-2-293/82/A/C E B B, Road No 1, Jubilee Hills, Hyderabad - 500033 (Near Jubilee Hills Check Post)

",Jubilee Hills,B+,42,8767664532
70,Chiranjeevi Eye & Blood Bank Research & Developmen,"Door No 8-2-293/82/A/C E B B, Road No 1, Jubilee Hills, Hyderabad - 500033 (Near Jubilee Hills Check Post)

",Jubilee Hills,B-,13,8767664532
70,Chiranjeevi Eye & Blood Bank Research & Developmen,"Door No 8-2-293/82/A/C E B B, Road No 1, Jubilee Hills, Hyderabad - 500033 (Near Jubilee Hills Check Post)

",Jubilee Hills,O+,40,8767664532
70,Chiranjeevi Eye & Blood Bank Research & Developmen,"Door No 8-2-293/82/A/C E B B, Road No 1, Jubilee Hills, Hyderabad - 500033 (Near Jubilee Hills Check Post)

",Jubilee Hills,O-,36,8767664532
70,Chiranjeevi Eye & Blood Bank Research & Developmen,"Door No 8-2-293/82/A/C E B B, Road No 1, Jubilee Hills, Hyderabad - 500033 (Near Jubilee Hills Check Post)

",Jubilee Hills,AB+,28,8767664532
70,Chiranjeevi Eye & Blood Bank Research & Developmen,"Door No 8-2-293/82/A/C E B B, Road No 1, Jubilee Hills, Hyderabad - 500033 (Near Jubilee Hills Check Post)

",Jubilee Hills,AB-,16,8767664532
71,Rudhira Voulantary Blood Bank,"Address 3-6-10/A, 1st Floor, Anusuya Commercial Complex, Liberty Cross Road, Himayat Nagar, Hyderabad - 500029 (Opposite Ttd Kalyan Mandappam, Beside Stanza Showroom)

",Himayat Nagar,A+,31,8977564474
71,Rudhira Voulantary Blood Bank,"Address 3-6-10/A, 1st Floor, Anusuya Commercial Complex, Liberty Cross Road, Himayat Nagar, Hyderabad - 500029 (Opposite Ttd Kalyan Mandappam, Beside Stanza Showroom)

",Himayat Nagar,A-,36,8977564474
71,Rudhira Voulantary Blood Bank,"Address 3-6-10/A, 1st Floor, Anusuya Commercial Complex, Liberty Cross Road, Himayat Nagar, Hyderabad - 500029 (Opposite Ttd Kalyan Mandappam, Beside Stanza Showroom)

",Himayat Nagar,B+,30,8977564474
71,Rudhira Voulantary Blood Bank,"Address 3-6-10/A, 1st Floor, Anusuya Commercial Complex, Liberty Cross Road, Himayat Nagar, Hyderabad - 500029 (Opposite Ttd Kalyan Mandappam, Beside Stanza Showroom)

",Himayat Nagar,B-,8,8977564474
71,Rudhira Voulantary Blood Bank,"Address 3-6-10/A, 1st Floor, Anusuya Commercial Complex, Liberty Cross Road, Himayat Nagar, Hyderabad - 500029 (Opposite Ttd Kalyan Mandappam, Beside Stanza Showroom)

",Himayat Nagar,O+,9,8977564474
71,Rudhira Voulantary Blood Bank,"Address 3-6-10/A, 1st Floor, Anusuya Commercial Complex, Liberty Cross Road, Himayat Nagar, Hyderabad - 500029 (Opposite Ttd Kalyan Mandappam, Beside Stanza Showroom)

",Himayat Nagar,O-,25,8977564474
71,Rudhira Voulantary Blood Bank,"Address 3-6-10/A, 1st Floor, Anusuya Commercial Complex, Liberty Cross Road, Himayat Nagar, Hyderabad - 500029 (Opposite Ttd Kalyan Mandappam, Beside Stanza Showroom)

",Himayat Nagar,AB+,9,8977564474
71,Rudhira Voulantary Blood Bank,"Address 3-6-10/A, 1st Floor, Anusuya Commercial Complex, Liberty Cross Road, Himayat Nagar, Hyderabad - 500029 (Opposite Ttd Kalyan Mandappam, Beside Stanza Showroom)

",Himayat Nagar,AB-,39,8977564474
72,Surya Blood Bank,"Door No 3-6-150 First Floor, Street No 6, Himayat Nagar, Hyderabad - 500029 (Opposite Maruthi Suzuki Showroom)

",Himayat Nagar,A+,36,99857664533
72,Surya Blood Bank,"Door No 3-6-150 First Floor, Street No 6, Himayat Nagar, Hyderabad - 500029 (Opposite Maruthi Suzuki Showroom)

",Himayat Nagar,A-,12,99857664533
72,Surya Blood Bank,"Door No 3-6-150 First Floor, Street No 6, Himayat Nagar, Hyderabad - 500029 (Opposite Maruthi Suzuki Showroom)

",Himayat Nagar,B+,33,99857664533
72,Surya Blood Bank,"Door No 3-6-150 First Floor, Street No 6, Himayat Nagar, Hyderabad - 500029 (Opposite Maruthi Suzuki Showroom)

",Himayat Nagar,B-,21,99857664533
72,Surya Blood Bank,"Door No 3-6-150 First Floor, Street No 6, Himayat Nagar, Hyderabad - 500029 (Opposite Maruthi Suzuki Showroom)

",Himayat Nagar,O+,11,99857664533
72,Surya Blood Bank,"Door No 3-6-150 First Floor, Street No 6, Himayat Nagar, Hyderabad - 500029 (Opposite Maruthi Suzuki Showroom)

",Himayat Nagar,O-,22,99857664533
72,Surya Blood Bank,"Door No 3-6-150 First Floor, Street No 6, Himayat Nagar, Hyderabad - 500029 (Opposite Maruthi Suzuki Showroom)

",Himayat Nagar,AB+,23,99857664533
72,Surya Blood Bank,"Door No 3-6-150 First Floor, Street No 6, Himayat Nagar, Hyderabad - 500029 (Opposite Maruthi Suzuki Showroom)

",Himayat Nagar,AB-,19,99857664533
73,Pv Blood Centre,"Nvk Tower, 36272, Second Floor, Himayat Nagar, Hyderabad - 500029

",Himayat Nagar,A+,48,9887756446
73,Pv Blood Centre,"Nvk Tower, 36272, Second Floor, Himayat Nagar, Hyderabad - 500029

",Himayat Nagar,A-,23,9887756446
73,Pv Blood Centre,"Nvk Tower, 36272, Second Floor, Himayat Nagar, Hyderabad - 500029

",Himayat Nagar,B+,49,9887756446
73,Pv Blood Centre,"Nvk Tower, 36272, Second Floor, Himayat Nagar, Hyderabad - 500029

",Himayat Nagar,B-,23,9887756446
73,Pv Blood Centre,"Nvk Tower, 36272, Second Floor, Himayat Nagar, Hyderabad - 500029

",Himayat Nagar,O+,11,9887756446
73,Pv Blood Centre,"Nvk Tower, 36272, Second Floor, Himayat Nagar, Hyderabad - 500029

",Himayat Nagar,O-,46,9887756446
73,Pv Blood Centre,"Nvk Tower, 36272, Second Floor, Himayat Nagar, Hyderabad - 500029

",Himayat Nagar,AB+,29,9887756446
73,Pv Blood Centre,"Nvk Tower, 36272, Second Floor, Himayat Nagar, Hyderabad - 500029

",Himayat Nagar,AB-,28,9887756446
74,Suraksha Blood Bank,"Door No 3-6-147/2, Road No 17 Liberty Road, Himayat Nagar, Hyderabad - 500029 (Opposite HDFC Bank)

",Himayat Nagar,A+,49,9877564453
74,Suraksha Blood Bank,"Door No 3-6-147/2, Road No 17 Liberty Road, Himayat Nagar, Hyderabad - 500029 (Opposite HDFC Bank)

",Himayat Nagar,A-,34,9877564453
74,Suraksha Blood Bank,"Door No 3-6-147/2, Road No 17 Liberty Road, Himayat Nagar, Hyderabad - 500029 (Opposite HDFC Bank)

",Himayat Nagar,B+,30,9877564453
74,Suraksha Blood Bank,"Door No 3-6-147/2, Road No 17 Liberty Road, Himayat Nagar, Hyderabad - 500029 (Opposite HDFC Bank)

",Himayat Nagar,B-,7,9877564453
74,Suraksha Blood Bank,"Door No 3-6-147/2, Road No 17 Liberty Road, Himayat Nagar, Hyderabad - 500029 (Opposite HDFC Bank)

",Himayat Nagar,O+,5,9877564453
74,Suraksha Blood Bank,"Door No 3-6-147/2, Road No 17 Liberty Road, Himayat Nagar, Hyderabad - 500029 (Opposite HDFC Bank)

",Himayat Nagar,O-,36,9877564453
74,Suraksha Blood Bank,"Door No 3-6-147/2, Road No 17 Liberty Road, Himayat Nagar, Hyderabad - 500029 (Opposite HDFC Bank)

",Himayat Nagar,AB+,22,9877564453
74,Suraksha Blood Bank,"Door No 3-6-147/2, Road No 17 Liberty Road, Himayat Nagar, Hyderabad - 500029 (Opposite HDFC Bank)

",Himayat Nagar,AB-,28,9877564453
75,Sai Vani Blood Bank,"Door No 1-2-365/36/6 & 7, 6th Floor, Rama Krishna Math Road, Domalguda-himayat Nagar, Hyderabad - 500029 (Opposite Indira Park)

",Himayat Nagar,A+,37,9877465556
75,Sai Vani Blood Bank,"Door No 1-2-365/36/6 & 7, 6th Floor, Rama Krishna Math Road, Domalguda-himayat Nagar, Hyderabad - 500029 (Opposite Indira Park)

",Himayat Nagar,A-,32,9877465556
75,Sai Vani Blood Bank,"Door No 1-2-365/36/6 & 7, 6th Floor, Rama Krishna Math Road, Domalguda-himayat Nagar, Hyderabad - 500029 (Opposite Indira Park)

",Himayat Nagar,B+,5,9877465556
75,Sai Vani Blood Bank,"Door No 1-2-365/36/6 & 7, 6th Floor, Rama Krishna Math Road, Domalguda-himayat Nagar, Hyderabad - 500029 (Opposite Indira Park)

",Himayat Nagar,B-,30,9877465556
75,Sai Vani Blood Bank,"Door No 1-2-365/36/6 & 7, 6th Floor, Rama Krishna Math Road, Domalguda-himayat Nagar, Hyderabad - 500029 (Opposite Indira Park)

",Himayat Nagar,O+,37,9877465556
75,Sai Vani Blood Bank,"Door No 1-2-365/36/6 & 7, 6th Floor, Rama Krishna Math Road, Domalguda-himayat Nagar, Hyderabad - 500029 (Opposite Indira Park)

",Himayat Nagar,O-,13,9877465556
75,Sai Vani Blood Bank,"Door No 1-2-365/36/6 & 7, 6th Floor, Rama Krishna Math Road, Domalguda-himayat Nagar, Hyderabad - 500029 (Opposite Indira Park)

",Himayat Nagar,AB+,27,9877465556
75,Sai Vani Blood Bank,"Door No 1-2-365/36/6 & 7, 6th Floor, Rama Krishna Math Road, Domalguda-himayat Nagar, Hyderabad - 500029 (Opposite Indira Park)

",Himayat Nagar,AB-,15,9877465556
76,Msn Blood Centre,"Venkateswara Colony, Vijayapuri Colony, Hyderabad, Telangana 500039, Uppal, Hyderabad - 500039

",Uppal,A+,10,8977446575
76,Msn Blood Centre,"Venkateswara Colony, Vijayapuri Colony, Hyderabad, Telangana 500039, Uppal, Hyderabad - 500039

",Uppal,A-,25,8977446575
76,Msn Blood Centre,"Venkateswara Colony, Vijayapuri Colony, Hyderabad, Telangana 500039, Uppal, Hyderabad - 500039

",Uppal,B+,46,8977446575
76,Msn Blood Centre,"Venkateswara Colony, Vijayapuri Colony, Hyderabad, Telangana 500039, Uppal, Hyderabad - 500039

",Uppal,B-,40,8977446575
76,Msn Blood Centre,"Venkateswara Colony, Vijayapuri Colony, Hyderabad, Telangana 500039, Uppal, Hyderabad - 500039

",Uppal,O+,15,8977446575
76,Msn Blood Centre,"Venkateswara Colony, Vijayapuri Colony, Hyderabad, Telangana 500039, Uppal, Hyderabad - 500039

",Uppal,O-,31,8977446575
76,Msn Blood Centre,"Venkateswara Colony, Vijayapuri Colony, Hyderabad, Telangana 500039, Uppal, Hyderabad - 500039

",Uppal,AB+,26,8977446575
76,Msn Blood Centre,"Venkateswara Colony, Vijayapuri Colony, Hyderabad, Telangana 500039, Uppal, Hyderabad - 500039

",Uppal,AB-,10,8977446575
77,Govind Shanti Binjrajher Blood Bank,"West Marredpally, Hyderabad - 500026

",West Marredpally,A+,25,9455678875
77,Govind Shanti Binjrajher Blood Bank,"West Marredpally, Hyderabad - 500026

",West Marredpally,A-,9,9455678875
77,Govind Shanti Binjrajher Blood Bank,"West Marredpally, Hyderabad - 500026

",West Marredpally,B+,32,9455678875
77,Govind Shanti Binjrajher Blood Bank,"West Marredpally, Hyderabad - 500026

",West Marredpally,B-,20,9455678875
77,Govind Shanti Binjrajher Blood Bank,"West Marredpally, Hyderabad - 500026

",West Marredpally,O+,13,9455678875
77,Govind Shanti Binjrajher Blood Bank,"West Marredpally, Hyderabad - 500026

",West Marredpally,O-,13,9455678875
77,Govind Shanti Binjrajher Blood Bank,"West Marredpally, Hyderabad - 500026

",West Marredpally,AB+,10,9455678875
77,Govind Shanti Binjrajher Blood Bank,"West Marredpally, Hyderabad - 500026

",West Marredpally,AB-,12,9455678875
78,Alishbaa,"Neeraj Colony, Toli Chowki, Hyderabad - 500008

",Toli Chowki,A+,40,9847665785
78,Alishbaa,"Neeraj Colony, Toli Chowki, Hyderabad - 500008

",Toli Chowki,A-,46,9847665785
78,Alishbaa,"Neeraj Colony, Toli Chowki, Hyderabad - 500008

",Toli Chowki,B+,15,9847665785
78,Alishbaa,"Neeraj Colony, Toli Chowki, Hyderabad - 500008

",Toli Chowki,B-,10,9847665785
78,Alishbaa,"Neeraj Colony, Toli Chowki, Hyderabad - 500008

",Toli Chowki,O+,18,9847665785
78,Alishbaa,"Neeraj Colony, Toli Chowki, Hyderabad - 500008

",Toli Chowki,O-,14,9847665785
78,Alishbaa,"Neeraj Colony, Toli Chowki, Hyderabad - 500008

",Toli Chowki,AB+,17,9847665785
78,Alishbaa,"Neeraj Colony, Toli Chowki, Hyderabad - 500008

",Toli Chowki,AB-,16,9847665785
79,Sree Nidhi Voluntary Blood Centre,"P&t Colony, Hyderabad Asbestos Staff Colony, Secunderabad, Karkhana, Hyderabad - 500009

",Karkhana,A+,27,9877564132
79,Sree Nidhi Voluntary Blood Centre,"P&t Colony, Hyderabad Asbestos Staff Colony, Secunderabad, Karkhana, Hyderabad - 500009

",Karkhana,A-,8,9877564132
79,Sree Nidhi Voluntary Blood Centre,"P&t Colony, Hyderabad Asbestos Staff Colony, Secunderabad, Karkhana, Hyderabad - 500009

",Karkhana,B+,44,9877564132
79,Sree Nidhi Voluntary Blood Centre,"P&t Colony, Hyderabad Asbestos Staff Colony, Secunderabad, Karkhana, Hyderabad - 500009

",Karkhana,B-,43,9877564132
79,Sree Nidhi Voluntary Blood Centre,"P&t Colony, Hyderabad Asbestos Staff Colony, Secunderabad, Karkhana, Hyderabad - 500009

",Karkhana,O+,8,9877564132
79,Sree Nidhi Voluntary Blood Centre,"P&t Colony, Hyderabad Asbestos Staff Colony, Secunderabad, Karkhana, Hyderabad - 500009

",Karkhana,O-,7,9877564132
79,Sree Nidhi Voluntary Blood Centre,"P&t Colony, Hyderabad Asbestos Staff Colony, Secunderabad, Karkhana, Hyderabad - 500009

",Karkhana,AB+,7,9877564132
79,Sree Nidhi Voluntary Blood Centre,"P&t Colony, Hyderabad Asbestos Staff Colony, Secunderabad, Karkhana, Hyderabad - 500009

",Karkhana,AB-,28,9877564132
80,Shadan Hospital,"Patancheru, Hyderabad - 502319

",Patancheru,A+,34,8977576635
80,Shadan Hospital,"Patancheru, Hyderabad - 502319

",Patancheru,A-,19,8977576635
80,Shadan Hospital,"Patancheru, Hyderabad - 502319

",Patancheru,B+,36,8977576635
80,Shadan Hospital,"Patancheru, Hyderabad - 502319

",Patancheru,B-,9,8977576635
80,Shadan Hospital,"Patancheru, Hyderabad - 502319

",Patancheru,O+,47,8977576635
80,Shadan Hospital,"Patancheru, Hyderabad - 502319

",Patancheru,O-,15,8977576635
80,Shadan Hospital,"Patancheru, Hyderabad - 502319

",Patancheru,AB+,21,8977576635
80,Shadan Hospital,"Patancheru, Hyderabad - 502319

",Patancheru,AB-,31,8977576635